product_id,connection_type,keyboard_type,switch_type,layout,backlight
351689,,Tenkeyless (Rút gọn),Akko Stellar Rose Switch,,
326735,,Full size,,,
357643,,Full size,Razer Yellow Mechanical Switches (Linear),,
357642,,Full size,Razer Green Mechanical Switches (Clicky),,
357645,,Tenkeyless (Rút gọn),Razer Mechanical Switches Gen-3 (Tactile),,
342572,,Cỡ 60%,Glare Magnetic,,
342574,,Cỡ 60%,Glare Magnetic,,
279466,,Full size,,,
323008,,Compact (Rút gọn),,,
357640,,Cỡ 75%,Razer Mechanical Switches (Tactile),,
357611,,Full size,Razer Green Mechanical Switches (Clicky),,
359226,,Full size,,,
332194,,Hãng không công bố,,,
342573,,Cỡ 60%,Glare Magnetic,,
361813,,Full size,Purple Gold,,
325540,,Hãng không công bố,Hãng không công bố,,
366045,,Cỡ 75%,Akko v3 Piano,,
344719,,Cỡ 96%,,,
368611,,Cỡ 85%,EDRA Switch,,
361164,,Full size,Hãng không công bố,,
364801,,Tenkeyless (Rút gọn),Mechanical Switch,,
339127,,Tenkeyless (Rút gọn),Scissior,,
362514,,Full size,X-Scissors,,
361810,,Tenkeyless (Rút gọn),Red Switch,,
323001,,Full size,,,
339154,,Full size,Hãng không công bố,,
339121,,Tenkeyless (Rút gọn),DareU Cloud switch,,
338172,,Full size,Hãng không công bố,,
339126,,Full size,Scissior,,
339155,,Tenkeyless (Rút gọn),Switch cơ GL,,
326669,,Cỡ 75%,,,
323006,,Compact (Rút gọn),,,
296791,,Hãng không công bố,Hãng không công bố,,
370116,,layout 98%,Linear,,
368616,,Hãng không công bố,EDRA Red,,
362904,,Cỡ 75% - Low Profile,X-Scissors,,
335495,,Hãng không công bố,Hãng không công bố,,
368626,,Full size,3 triệu lần nhấp (3M),,
368610,,Cỡ 68%,EDRA Switch,,
365035,,Full size,Scissior,,
335494,,Hãng không công bố,Hãng không công bố,,
325816,,,,,
314636,,Full size,,,
368614,,Hãng không công bố,EDRA Linear Custom Switch,,
331851,,1800 - Compact (Rút gọn),Cream Yellow Pro,,
325541,,Hãng không công bố,Hãng không công bố,,
335191,,1800 - Compact (Rút gọn),Red Switch,,
368606,,Hãng không công bố,Switch Life,,
342558,,Cỡ 75%,Cream Yellow Pro,,
339140,,Full size,,,
335543,,QWERTY,,,
362530,,Full size,Membrane giả cơ,,
361811,,Tenkeyless (Rút gọn),Outemu GR Silver,,
339152,,Tenkeyless (Rút gọn),Hãng không công bố,,
332195,,Hãng không công bố,Hãng không công bố,,
368608,,Full size,X-Scissors Slilent,,
365034,,Cỡ 75%,DareU DREAM switch,,
361558,,Cỡ 75%,Scissor Switch,,
351682,,Tenkeyless (Rút gọn),Akko Mirror Switch,,
339147,,Mini size,,,
328212,,Hãng không công bố,,,
362476,,Full size,Membrane giả cơ,,
314635,,Cỡ 75%,DareU DREAM switch,,
366044,,Cỡ 75%,Akko Frost Pink,,
351687,,Tenkeyless (Rút gọn),Akko Mirror Switch,,
342570,,Cỡ 75%,Akko AstroAim Magnetic Switch,,
339151,,Full size,GX Blue,,
339148,,Full size,,,
339122,,Full size,DareU Cloud switch,,
337341,,Cỡ 75%,Storm Switch,,
337339,,Cỡ 75%,Snow Switch,,
335542,,QWERTY,,,
328229,,Full size,CORSAIR MLX Red,,
328228,,Full size,Giả cơ,,
328174,,,,,
322597,,Full size,Membrane giả cơ,,
362472,,Full size,Silent Switch,,
337870,,Cỡ 96%,Kailh Ice Cream Pink,,
370499,,Full size,DareU,,
368612,,Cỡ 98%,EDRA Switch,,
362469,,Full size,Silent Switch,,
362389,,Tenkeyless (Rút gọn),Giả cơ,,
361567,,Full size,Giả cơ,,
361496,,Full size,Scissor Switch,,
359548,,Cỡ 75%,Snow Switch,,
359223,,Chiclet,Tactile scissor-switch,,
359222,,Chiclet,Tactile scissor-switch,,
357667,,Full size,Razer Mecha-Membrane Switches,,
357664,,Cỡ 60%,Razer™ Analog Optical Switch Gen-2,,
357663,,Full size,Razer™ Analog Optical Switch Gen-2,,
357647,,Full size,Razer Yellow Mechanical Switches (Linear),,
357646,,Full size,Razer Green Mechanical Switches (Clicky),,
357644,,Cỡ 75%,Razer Mechanical Switches Gen-3 (Tactile),,
357628,,Cỡ 75%,Razer Mechanical Switches (Tactile),,
357614,,Cỡ 75%,Razer Mechanical Switches (Tactile),,
357612,,Full size,Razer Yellow Mechanical Switches (Linear),,
334430,,Tenkeyless (Rút gọn),Cream Yellow,,
331850,,Cỡ 75%,Cream Yellow Pro,,
327809,,Tenkeyless (Rút gọn),HyperX Aqua,,
368613,,Cỡ 68%,Magnet Switch,,
366837,,Full size,Akko Frost Pink,,
366836,,Full size,Akko Frost Pink,,
366835,,Full size,Akko Frost Pink,,
363943,,Chiclet,Membrane (dome mềm),,
363942,,Chiclet,Membrane (dome mềm),,
362727,,Cỡ 96%,Membrane giả cơ,,
362726,,Cỡ 96%,Membrane giả cơ,,
362725,,Tenkeyless (Rút gọn),Membrane giả cơ,,
362545,,Full size,Membrane giả cơ,,
362539,,Low Profile,Scissor Switch,,
362534,,Full size,Scissor Switch,,
362531,,Full size,Membrane giả cơ,,
362544,,Full size,Membrane giả cơ,,
362543,,Full size,Membrane giả cơ,,
362542,,Full size,Membrane giả cơ,,
362541,,Full size,Membrane giả cơ,,
362540,,Low Profile,Scissor Switch,,
362538,,Low Profile,Scissor Switch,,
362537,,Compact (Rút gọn),Mechanical Switch,,
362536,,Compact (Rút gọn),Mechanical Switch,,
362535,,Compact (Rút gọn),Mechanical Switch,,
362533,,Full size,Scissor Switch,,
362532,,Compact (Rút gọn),Membrane giả cơ,,
362394,,Tenkeyless (Rút gọn),CORSAIR MLX Plasma linear mechanical pre-lubricated,,
362393,,Tenkeyless (Rút gọn),CORSAIR MLX Plasma linear mechanical pre-lubricated,,
362392,,Tenkeyless (Rút gọn),Pre-lubricated CORSAIR MLX Red v2 linear,,
362390,,Cỡ 75%,CORSAIR MLX Fusion Tactile,,
361546,,Cỡ 75%,Alienware Linear Mechanical Switches,,
370691,,Full size,DareU,,
370690,,Full size,Akko V3 Piano Pro,,
370689,,Cỡ 75%,Akko V3 Piano Pro,,
370688,,,Akko Frost Pink,,
370687,,,Akko Frost Pink,,
370686,,,Akko Frost Pink,,
370681,,,Akko Frost Pink,,
370678,,Full size,Akko Frost Pink,,
370677,,Cỡ 65%,Akko Stellar Rose Switch,,
370676,,Cỡ 75%,Akko Frost Pink,,
368607,,Hãng không công bố,Golden Grain,,
368143,,,,,
368090,,,,,
368089,,Cỡ 75%,Logitech GX Tactile,,
368088,,Cỡ 75%,Logitech GX Tactile,,
363944,,Chiclet,Membrane (dome mềm),,
363540,,Full size,Membrane giả cơ,,
362724,,Tenkeyless (Rút gọn),Membrane giả cơ,,
362723,,Tenkeyless (Rút gọn),Membrane giả cơ,,
362722,,Tenkeyless (Rút gọn),Membrane giả cơ,,
361508,,Cỡ 75%,Alienware Linear Mechanical Switches,,
361493,,Full size,Scissor Switch,,
361483,,Full size,Scissor Switch,,
359549,,Cỡ 75%,Storm Switch,,
362475,,Full size,Membrane giả cơ,,
362473,,Full size,Silent Switch,,
362471,,Full size,Silent Switch,,
362470,,Full size,Silent Switch,,
357605,,Tenkeyless (Rút gọn),Razer Yellow Mechanical Switches (Linear),,
357604,,Tenkeyless (Rút gọn),Razer Green Switch,,
357603,,Full size,Razer Green Switch,,
351688,,Tenkeyless (Rút gọn),Akko Mirror Switch,,
368609,,Cỡ 68%,Magnet Switch,,
362513,,Cỡ 75% - Low Profile,X-Scissors,,
359225,,Full size,Linear,,
357665,,Tenkeyless (Rút gọn),Razer™ Analog Optical Switch Gen-2,,
359228,,Cỡ 75%,Linear,,
328173,,,,,
366046,,Full size,Akko Frost Pink,,
326401,,Tenkeyless (Rút gọn),DareU DREAM switch,,
368617,,Hãng không công bố,Switch từ tính,,
339123,,Full size,DareU Cloud switch,,
368625,,,3 triệu lần nhấp (3M),,
362515,,Full size,Silent Switch,,
339139,,Full size,,,
331864,,Full size,Akko V3 Piano Pro,,
328492,,Hãng không công bố,Red Switch,,
331136,,Mini size,,,
332193,,Hãng không công bố,,,
362516,,Cỡ 75% - Low Profile,X-Scissors,,
341121,,Full size,,,
339125,,Full size,Membrane giả cơ,,
