product_id,sku,name,brand,category,price_vnd,old_price_vnd,discount_amount_vnd,discount_percent,rating,review_count,url,source,crawl_date
363462,,"Màn hình Gaming GIGABYTE GS24F14A (23.8 inch, Full HD, IPS, 175Hz, 1ms)",GIGABYTE,monitor,2190000,2490000,300000,12,5.0,305,https://www.thegioididong.com/man-hinh-may-tinh/gigabyte-gaming-23-8-inch-full-hd-gs24f14a,thegioididong,2026-09-21
370022,,"Màn hình Gaming Asus VY279HG2 (27 inch Full HD, IPS, 144Hz, 1ms)",Asus,monitor,2690000,2790000,100000,,4.0,1,https://www.thegioididong.com/man-hinh-may-tinh/asus-vy279hg2-27-inch-full-hd,thegioididong,2026-09-21
365862,,"Màn hình Gaming VSP IP2709SG (27 inch Full HD, IPS, 144Hz, 1ms)",VSP,monitor,2090000,2490000,400000,16,4.9,311,https://www.thegioididong.com/man-hinh-may-tinh/man-hinh-gaming-vsp-ip2709sg-27-inch-full-hd-ips-144hz-1ms,thegioididong,2026-09-21
329690,,Màn hình MSI PRO MP223 E2 21.45 inch FHD/VA/100Hz/1ms,MSI,monitor,1590000,1850000,260000,14,5.0,4771,https://www.thegioididong.com/man-hinh-may-tinh/msi-pro-mp223-e2-21-45-inch-fhd-va-100hz-1ms,thegioididong,2026-09-21
365786,,"Màn hình Viewsonic VA2432-H-2 (24 inch Full HD, IPS, 100Hz, 1ms)",Viewsonic,monitor,1890000,,,,5.0,305,https://www.thegioididong.com/man-hinh-may-tinh/viewsonic-24-inch-full-hd-va2432-h-2,thegioididong,2026-09-21
358835,,Màn hình MSI PRO MP273L-E14 27 inch Full HD/IPS/144Hz/4ms,MSI,monitor,2590000,2890000,300000,10,4.9,364,https://www.thegioididong.com/man-hinh-may-tinh/msi-gaming-pro-27-inch-full-hd-mp273l-e14,thegioididong,2026-09-21
364381,,"Màn hình Gaming SingPC Q27CF120-VAG (27 inch, Full HD, VA, 120Hz, 2ms)",SingPC,monitor,2090000,2790000,700000,25,5.0,322,https://www.thegioididong.com/man-hinh-may-tinh/singpc-gaming-27-inch-full-hd-q27cf120-vag,thegioididong,2026-09-21
339897,,Màn hình Samsung S3 S30GD LS27D300GAEXXV 27 inch FHD/IPS/100Hz/5ms,Samsung,monitor,2590000,,,,4.9,1502,https://www.thegioididong.com/man-hinh-may-tinh/samsung-s3-s30gd-ls27d300gaexxv-27-inch-fhd-ips-100hz-5ms,thegioididong,2026-09-21
338142,,Màn hình Asus VA249HG-R 23.8 inch FHD/IPS/120Hz/1ms,Asus,monitor,2290000,2490000,200000,8,5.0,1678,https://www.thegioididong.com/man-hinh-may-tinh/asus-va249hg-r-23-8-inch-fhd-ips-120hz-1ms,thegioididong,2026-09-21
339092,,Màn hình SingPC P22F100-IPS 21.5 inch FHD/IPS/100Hz/5ms,SingPC,monitor,1450000,1590000,140000,8,4.9,2450,https://www.thegioididong.com/man-hinh-may-tinh/singpc-p22f100-ips-21-5-inch-fhd-ips-100hz-5ms,thegioididong,2026-09-21
365871,,"Màn hình Gaming VSP IP2409SG (23.8 inch Full HD, IPS, 144Hz, 1ms)",VSP,monitor,1790000,2090000,300000,14,5.0,314,https://www.thegioididong.com/man-hinh-may-tinh/man-hinh-gaming-vsp-ip2409sg-23-8-inch-full-hd-ips-144hz-1ms,thegioididong,2026-09-21
358205,,"Màn hình SingPC Q25F100-IPS (24.5 inch Full HD, IPS, 100Hz, 1ms)",SingPC,monitor,1690000,2150000,460000,21,4.9,1313,https://www.thegioididong.com/man-hinh-may-tinh/singpc-24-5-inch-full-hd-q25f100-ips,thegioididong,2026-09-21
342212,,Màn hình Gaming Samsung Odyssey G3 LS27DG302EEXXV 27 inch Full HD/VA/180Hz/1ms,Samsung,monitor,2990000,3490000,500000,14,5.0,563,https://www.thegioididong.com/man-hinh-may-tinh/samsung-odyssey-ls27dg302eexxv-27-inch-full-hd,thegioididong,2026-09-21
331920,,Màn hình Asus VY249HGR 23.8 inch FHD/IPS/120Hz/1ms,Asus,monitor,2190000,2490000,300000,12,5.0,1270,https://www.thegioididong.com/man-hinh-may-tinh/asus-vy249hgr-23-8-inch-fhd-ips-120hz-1ms,thegioididong,2026-09-21
328849,,Màn hình MSI PRO MP251 E2 24.5 inch FHD/IPS/120Hz/1ms,MSI,monitor,2190000,2490000,300000,12,4.9,3283,https://www.thegioididong.com/man-hinh-may-tinh/msi-pro-mp251-e2-24-5-inch-fhd,thegioididong,2026-09-21
365874,,"Màn hình Xiaomi A27i 2026 (27 inch Full HD, IPS, 144Hz, 6ms)",Xiaomi,monitor,2590000,,,,5.0,374,https://www.thegioididong.com/man-hinh-may-tinh/man-hinh-xiaomi-a27i-2026-27-inch-full-hd-ips-144hz-6ms,thegioididong,2026-09-21
364378,,"Màn hình Gaming MSI MAG 255F X24 (24.5 inch, Full HD, Rapid IPS, 240Hz, 0.5ms)",MSI,monitor,2990000,3340000,350000,10,5.0,58,https://www.thegioididong.com/man-hinh-may-tinh/msi-gaming-mag-24-5-inch-full-hd-255f-x24,thegioididong,2026-09-21
342369,,Màn hình Gaming Asus TUF VG279QM5A 27 inch FHD/IPS/240Hz/0.3ms,Asus,monitor,3950000,,,,5.0,158,https://www.thegioididong.com/man-hinh-may-tinh/asus-gaming-tuf-27-inch-full-hd-vg279qm5a,thegioididong,2026-09-21
362657,,"Màn hình Gaming MSI G275L E14 (27 inch, Full HD, IPS, 144Hz, 1ms)",MSI,monitor,2690000,2990000,300000,10,5.0,164,https://www.thegioididong.com/man-hinh-may-tinh/msi-gaming-27-inch-full-hd-g275l-e14,thegioididong,2026-09-21
322529,,Màn hình Samsung ViewFinity S5 S50GC LS34C500GAEXXV 34 inch 3K/VA/100Hz/5ms/HDMI,Samsung,monitor,6290000,7190000,900000,12,5.0,356,https://www.thegioididong.com/man-hinh-may-tinh/samsung-viewfinity-s5-s50gc-ls34c500gaexxv-34-inch-3k,thegioididong,2026-09-21
322533,,Màn hình Gaming Samsung Odyssey G5 G55C LS27CG552EEXXV 27 inch 2K/VA/165Hz/1ms/HDMI/DisplayPort,Samsung,monitor,4490000,5190000,700000,13,5.0,567,https://www.thegioididong.com/man-hinh-may-tinh/samsung-odyssey-g5-g55c-ls27cg552eexxv-27-inch-2k,thegioididong,2026-09-21
331656,,Màn hình Dell P2725H 27 inch FHD/IPS/100Hz/5ms,Dell,monitor,5590000,6690000,1100000,16,5.0,507,https://www.thegioididong.com/man-hinh-may-tinh/dell-p2725h-27-inch-fhd-ips-100hz-5ms,thegioididong,2026-09-21
335630,,"Màn hình Gaming GIGABYTE GS27FA (27 inch FHD, IPS, 180Hz, 1ms)",GIGABYTE,monitor,2990000,3490000,500000,14,5.0,442,https://www.thegioididong.com/man-hinh-may-tinh/gigabyte-gs27fa-27fhd-ips-180hz-1ms,thegioididong,2026-09-21
370021,,"Màn hình Gaming Asus VY249HG2 (23.8 inch Full HD, IPS, 144Hz, 1ms)",Asus,monitor,2290000,2390000,100000,,,,https://www.thegioididong.com/man-hinh-may-tinh/asus-gaming-vy249hg2-23-8-inch-full-hd,thegioididong,2026-09-21
367218,,"Màn hình Gaming Samsung LS27FG502SEXXV (27 inch QHD, OLED, 180Hz, 0.03ms)",Samsung,monitor,10990000,11590000,600000,5,5.0,8,https://www.thegioididong.com/man-hinh-may-tinh/samsung-gaming-27-inch-qhd-ls27fg502sexxv,thegioididong,2026-09-21
369752,,"Màn hình Gaming VSP AiVision AG2717QS1 (27 inch QHD, IPS, 170Hz, 1ms)",VSP,monitor,2790000,3290000,500000,15,,,https://www.thegioididong.com/man-hinh-may-tinh/vsp-gaming-27-inch-qhd-ag2717qs1,thegioididong,2026-09-21
361203,,"Màn hình Gaming Philips Evnia 24M2N2500NF (23.8 inch QHD, Fast IPS, 144Hz, 0.5ms)",Philips,monitor,2990000,3290000,300000,9,5.0,235,https://www.thegioididong.com/man-hinh-may-tinh/philips-gaming-evnia-23-8-inch-qhd-24m2n2500nf,thegioididong,2026-09-21
365863,,"Màn hình di động VSP VP1560FS1 (15.6 inch Full HD, IPS, 60Hz, 5ms)",VSP,monitor,1590000,,,,5.0,93,https://www.thegioididong.com/man-hinh-may-tinh/man-hinh-di-dong-vsp-vp1560fs1-15-6-inch-full-hd-ips-60hz-5ms,thegioididong,2026-09-21
342368,,Màn hình Gaming Asus TUF VG249QM5A 23.8 inch FHD/IPS/240Hz/0.3ms,Asus,monitor,2990000,3690000,700000,18,5.0,542,https://www.thegioididong.com/man-hinh-may-tinh/asus-gaming-tuf-23-8-inch-full-hd-vg249qm5a,thegioididong,2026-09-21
367219,,"Màn hình Gaming Samsung LS27FG530EEXXV (27 inch QHD, IPS, 200Hz, 1ms)",Samsung,monitor,4790000,5190000,400000,7,5.0,22,https://www.thegioididong.com/man-hinh-may-tinh/samsung-gaming-27-inch-qhd-ls27fg530eexxv,thegioididong,2026-09-21
368644,,"Màn hình Gaming Lenovo LOQ 24-10 68F1GACBVN (23.8 inch Full HD, IPS, 200Hz, 0.5ms)",Lenovo,monitor,2590000,2990000,400000,13,5.0,8,https://www.thegioididong.com/man-hinh-may-tinh/lenovo-gaming-loq-23-8-inch-full-hd-24-10-68f1gacbvn,thegioididong,2026-09-21
344716,,"Màn hình SingPC P24F100-IPS (23.8 inch Full HD, IPS, 100Hz, 6.5ms)",SingPC,monitor,1590000,1790000,200000,11,4.9,750,https://www.thegioididong.com/man-hinh-may-tinh/singpc-23-8-inch-full-hd-p24f100-ips,thegioididong,2026-09-21
349979,,"Màn hình Gaming MSI MAG 245F-X24 (23.8 inch, Full HD, Rapid IPS, 240Hz, 0.5ms)",MSI,monitor,2890000,3290000,400000,12,5.0,103,https://www.thegioididong.com/man-hinh-may-tinh/msi-gaming-mag-23-8-inch-full-hd-245f-x24,thegioididong,2026-09-21
364960,,"Màn hình di động Asus ZenScreen MB169CK (15.6 inch, Full HD, IPS, 60Hz, 5ms)",Asus,monitor,2590000,2790000,200000,7,5.0,20,https://www.thegioididong.com/man-hinh-may-tinh/asus-zenscreen-15-6-inch-full-hd-mb169ck,thegioididong,2026-09-21
339094,,Màn hình Gaming Asus TUF VG259Q5A 24.5 inch FHD/IPS/200Hz/1ms,Asus,monitor,2790000,3290000,500000,15,5.0,337,https://www.thegioididong.com/man-hinh-may-tinh/asus-tuf-vg259q5a-24-5-inch-fhd-ips-200hz-1ms,thegioididong,2026-09-21
368264,,"Màn hình Asus ProArt PA249CGV (24 inch Full HD, IPS, 144Hz, 5ms)",Asus,monitor,5390000,5690000,300000,5,5.0,6,https://www.thegioididong.com/man-hinh-may-tinh/asus-proart-24-inch-full-hd-pa249cgv,thegioididong,2026-09-21
336402,,Màn hình Gaming Asus TUF VG249QE5A 23.8 inch FHD/IPS/146Hz/1ms,Asus,monitor,2490000,,,,4.9,845,https://www.thegioididong.com/man-hinh-may-tinh/asus-vg249qe5a-23-8-inch-fhd-ips-146hz-1ms,thegioididong,2026-09-21
370877,,"Màn hình Gaming Asus TUF VG27AQ5F (27 inch 2K, IPS, 220Hz, 0.3ms)",Asus,monitor,4990000,5190000,200000,,,,https://www.thegioididong.com/man-hinh-may-tinh/man-hinh-asus-27-inch-2k-ips-220hz-0-3ms-vg27aq5f,thegioididong,2026-09-21
334381,,Màn hình Gaming Acer Nitro KG240Y X1 23.8 inch FHD/IPS/200Hz/4ms,Acer,monitor,2590000,2990000,400000,13,5.0,318,https://www.thegioididong.com/man-hinh-may-tinh/acer-nitro-kg240y-x1-23-8-inch-fhd-ips-200hz-4ms,thegioididong,2026-09-21
364964,,"Màn hình MSI PRO MP341CQ-E12 (34 inch, UWQHD, VA, 120Hz, 1ms)",MSI,monitor,5990000,6790000,800000,11,5.0,22,https://www.thegioididong.com/man-hinh-may-tinh/msi-pro-34-inch-uwqhd-mp341cq-e12,thegioididong,2026-09-21
358834,,Màn hình di động MSI PRO MP165 E6 15.6 inch Full HD/IPS/60Hz/4ms,MSI,monitor,2490000,2790000,300000,10,5.0,180,https://www.thegioididong.com/man-hinh-may-tinh/msi-pro-15-6-inch-full-hd-mp165-e6,thegioididong,2026-09-21
332008,,Màn hình Asus VY279HGR 27 inch FHD/IPS/120Hz/1ms,Asus,monitor,2790000,2990000,200000,6,4.9,902,https://www.thegioididong.com/man-hinh-may-tinh/asus-vy279hgr-27-inch-fhd-ips-120hz-1ms,thegioididong,2026-09-21
358519,,"Màn hình Asus ProArt PA248QFV (24.1 inch, Full HD, IPS, 100Hz, 5ms)",Asus,monitor,4990000,5490000,500000,9,5.0,81,https://www.thegioididong.com/man-hinh-may-tinh/asus-proart-24-1-inch-full-hd-pa248qfv,thegioididong,2026-09-21
362654,,"Màn hình Xiaomi A24i 2026 (23.8 inch, Full HD, IPS, 144Hz, 6ms)",Xiaomi,monitor,2290000,,,,5.0,174,https://www.thegioididong.com/man-hinh-may-tinh/xiaomi-23-8-inch-full-hd-a24i-2026,thegioididong,2026-09-21
290765,,Màn hình Samsung ViewFinity S8 S80PB LS27B800PXEXXV 27 inch 4K/IPS/60Hz/5ms/HDR400/HDMI/TypeC,Samsung,monitor,7090000,7890000,800000,10,4.9,367,https://www.thegioididong.com/man-hinh-may-tinh/samsung-ls27b800pxexxv-27-inch-4k,thegioididong,2026-09-21
370881,,"Màn hình Gaming Asus TUF VG249QM5F( 23.8 inch Full HD, IPS, 260Hz, 0.3ms)",Asus,monitor,2990000,3190000,200000,6,,,https://www.thegioididong.com/man-hinh-may-tinh/man-hinh-gaming-asus-tuf-23-8-inch-full-hd-ips-260hz-0-3ms-vg249qm5f,thegioididong,2026-09-21
358202,,"Màn hình Asus ProArt PA278QGV (27 inch 2K, IPS, 120Hz, 5ms)",Asus,monitor,8490000,8790000,300000,,5.0,52,https://www.thegioididong.com/man-hinh-may-tinh/asus-proart-27-inch-2k-pa278qgv,thegioididong,2026-09-21
365872,,"Màn hình Gaming VSP G2718Q1 (27 inch 2K, IPS, 210Hz, 0.3ms)",VSP,monitor,3390000,3790000,400000,10,5.0,101,https://www.thegioididong.com/man-hinh-may-tinh/man-hinh-gaming-vsp-g2718q1-27-inch-2k-ips-210hz-0-3ms,thegioididong,2026-09-21
328465,,Màn hình Samsung Gaming Odyssey OLED G8 G80SD LS32DG802SEXXV 32 inch/4K/OLED/240Hz/0.03ms,Samsung,monitor,23990000,26690000,2700000,10,5.0,21,https://www.thegioididong.com/man-hinh-may-tinh/samsung-gaming-lcd-odyssey-oled-g8-g80sd-ls32dg802sexxv-32-inch,thegioididong,2026-09-21
365785,,"Màn hình di động Viewsonic VA1650 (16 inch Full HD, IPS, 60Hz, 7ms)",Viewsonic,monitor,2490000,,,,5.0,11,https://www.thegioididong.com/man-hinh-may-tinh/viewsonic-16-inch-full-hd-va1650,thegioididong,2026-09-21
364965,,"Màn hình MSI PRO MP341CQW-E12 (34 inch, UWQHD, VA, 120Hz, 1ms)",MSI,monitor,6090000,6890000,800000,11,5.0,37,https://www.thegioididong.com/man-hinh-may-tinh/msi-pro-34-inch-uwqhd-mp341cqw-e12,thegioididong,2026-09-21
364950,,"Màn hình Gaming Asus TUF VG27AQM5A (27 inch, QHD, Fast IPS, 300Hz, 1ms)",Asus,monitor,5990000,7290000,1300000,17,5.0,9,https://www.thegioididong.com/man-hinh-may-tinh/asus-gaming-tuf-27-inch-qhd-vg27aqm5a,thegioididong,2026-09-21
364309,,"Màn hình di động Asus ZenScreen MB16FC (16 inch, WUXGA, IPS, 75Hz, 5ms)",Asus,monitor,3390000,3490000,100000,,5.0,32,https://www.thegioididong.com/man-hinh-may-tinh/asus-zenscreen-16-inch-wuxga-mb16fc,thegioididong,2026-09-21
358521,,"Màn hình Gaming MSI MAG 272F-X24 (27 inch, Full HD, IPS, 240Hz, 0.5ms)",MSI,monitor,3390000,,,,5.0,87,https://www.thegioididong.com/man-hinh-may-tinh/msi-gaming-mag-27-inch-full-hd-272f-x24,thegioididong,2026-09-21
358385,,"Màn hình Gaming MSI MAG 276CXF (27 inch, Full HD, VA, 280Hz, 0.5ms)",MSI,monitor,3790000,4390000,600000,13,5.0,88,https://www.thegioididong.com/man-hinh-may-tinh/msi-gaming-mag-27-inch-full-hd-276cxf,thegioididong,2026-09-21
341854,,Màn hình MSI PRO MP272LKL 27 inch FHD/IPS/100Hz/1ms,MSI,monitor,2290000,2590000,300000,11,4.9,805,https://www.thegioididong.com/man-hinh-may-tinh/man-hinh-msi-pro-mp272lkl-27-inch-fhd-ips-100hz-1ms,thegioididong,2026-09-21
334382,,Màn hình Gaming Acer Nitro KG270 X1 27 inch FHD/IPS/200Hz/4ms,Acer,monitor,3190000,,,,5.0,298,https://www.thegioididong.com/man-hinh-may-tinh/acer-nitro-kg270-x1-27-inch-fhd-ips-200hz-4ms,thegioididong,2026-09-21
370878,,"Màn hình Gaming Asus TUF VG34WQ5A (34 inch UWQHD, VA, 200Hz, 0.5ms)",Asus,monitor,7490000,7690000,200000,,,,https://www.thegioididong.com/man-hinh-may-tinh/man-hinh-asus-vg34wq5a-34-inch-uwqhd-va-200hz-0-5ms,thegioididong,2026-09-21
337072,,Màn hình Gaming Viewsonic VX2758A-2K-PRO-4 27 inch 2K/IPS/180Hz/1ms,Viewsonic,monitor,4490000,5190000,700000,13,4.9,48,https://www.thegioididong.com/man-hinh-may-tinh/viewsonic-vx2758a-2k-pro-4-272k-ips-180hz-1ms,thegioididong,2026-09-21
364311,,"Màn hình Asus ProArt PA279CRV (27 inch, 4K, IPS, 60Hz, 5ms)",Asus,monitor,12990000,,,,5.0,5,https://www.thegioididong.com/man-hinh-may-tinh/asus-proart-27-inch-4k-pa279crv,thegioididong,2026-09-21
344717,,"Màn hình MSI MAG 275CF X24 (27 inch Full HD, Rapid VA, 240Hz, 0.5ms)",MSI,monitor,3490000,3990000,500000,12,5.0,19,https://www.thegioididong.com/man-hinh-may-tinh/msi-27-inch-full-hd-mag-275cf-x24,thegioididong,2026-09-21
370025,,"Màn hình Gaming MSI PRO MP273QW E14 (27 inch 2K, IPS, 144Hz, 1ms)",MSI,monitor,3990000,4190000,200000,,,,https://www.thegioididong.com/man-hinh-may-tinh/msi-pro-mp273qw-e14-27-inch-2k,thegioididong,2026-09-21
342555,,"Màn hình Dell UltraSharp U2725QE (27 inch 4K, IPS, 120Hz, 5ms)",Dell,monitor,15990000,17590000,1600000,9,5.0,75,https://www.thegioididong.com/man-hinh-may-tinh/man-hinh-dell-ultrasharp-u2725qe-27-inch-4k-ips-120hz-5ms,thegioididong,2026-09-21
370019,,"Màn hình Gaming Asus ROG Swift PG27AQWP-G (26.5 inch 2K, OLED, 540Hz, 0.02ms)",Asus,monitor,39900000,,,,,,https://www.thegioididong.com/man-hinh-may-tinh/asus-rog-swift-pg27aqwp-g-26-5,thegioididong,2026-09-21
364961,,"Màn hình Asus ProArt PA27JCV (27 inch, 5K, IPS, 60Hz, 5ms)",Asus,monitor,19990000,,,,5.0,3,https://www.thegioididong.com/man-hinh-may-tinh/asus-proart-27-inch-5k-pa27jcv,thegioididong,2026-09-21
364954,,"Màn hình Gaming Asus ROG Strix XG27ACMES (27 inch QHD, Fast IPS, 255Hz, 1ms)",Asus,monitor,6990000,7190000,200000,,5.0,14,https://www.thegioididong.com/man-hinh-may-tinh/asus-gaming-rog-strix-27-inch-qhd-xg27acmes,thegioididong,2026-09-21
363500,,Studio Display 27 inch 5K XDR Chân đế điều chỉnh MFEL4SA/A,Apple,monitor,87490000,89990000,2500000,,5.0,4,https://www.thegioididong.com/man-hinh-may-tinh/studio-display-27-inch-5k-xdr-chan-de-dieu-chinh-mfel4sa-a,thegioididong,2026-09-21
361202,,"Màn hình Gaming Asus ROG Strix XG32UCWMG (32 inch 4K, WOLED, 240Hz, 0.03ms)",Asus,monitor,29790000,,,,5.0,4,https://www.thegioididong.com/man-hinh-may-tinh/asus-gaming-rog-strix-32-inch-4k-xg32ucwmg,thegioididong,2026-09-21
361200,,"Màn hình Gaming Asus ROG Strix XG27ACDMS (26.5 inch QHD, QD-OLED, 280Hz, 0.03ms)",Asus,monitor,15490000,,,,5.0,10,https://www.thegioididong.com/man-hinh-may-tinh/asus-gaming-rog-strix-26-5-inch-qhd-xg27acdms,thegioididong,2026-09-21
361198,,"Màn hình Gaming Samsung Odyssey OLED G8 LS34BG850SEXXV (34 inch UWQHD, OLED, 175Hz, 0.03ms)",Samsung,monitor,22490000,27690000,5200000,18,5.0,4,https://www.thegioididong.com/man-hinh-may-tinh/samsung-gaming-odyssey-oled-g8-34-inch-uwqhd-ls34bg850sexxv,thegioididong,2026-09-21
358836,,Màn hình Gaming MSI MAG 272QP QD-OLED X50 26.5 inch 2K/QD-OLED/500Hz/0.03ms,MSI,monitor,18990000,20990000,2000000,9,5.0,8,https://www.thegioididong.com/man-hinh-may-tinh/msi-gaming-mag-26-5-inch-2k-272qp-qd-oled-x50,thegioididong,2026-09-21
335629,,Màn hình Gaming GIGABYTE GS25F2 24.5 inch FHD/IPS/200Hz/1ms,GIGABYTE,monitor,2790000,3290000,500000,15,5.0,257,https://www.thegioididong.com/man-hinh-may-tinh/gigabyte-gs25f2-24-5-inch-fhd-ips-200hz-1ms,thegioididong,2026-09-21
332351,,Màn hình Asus ProArt PA279CV 27 inch 4K/IPS/60Hz/5ms,Asus,monitor,11290000,,,,5.0,4,https://www.thegioididong.com/man-hinh-may-tinh/asus-proart-pa279cv-27-inch-4k-ips-60hz-5ms,thegioididong,2026-09-21
370884,,"Màn hình Dell Pro P2726H (27 inch Full HD, IPS, 120Hz, 5ms)",Dell,monitor,5790000,,,,,,https://www.thegioididong.com/man-hinh-may-tinh/man-hinh-dell-pro-27-inch-full-hd-ips-120hz-5ms-p2726h,thegioididong,2026-09-21
365866,,"Màn hình Gaming MSI MAG 255PXF (24.5 inch Full HD, IPS, 300Hz, 0.5ms)",MSI,monitor,3990000,4990000,1000000,20,5.0,14,https://www.thegioididong.com/man-hinh-may-tinh/man-hinh-gaming-msi-mag-255pxf-24-5-inch-full-hd-ips-300hz-0-5ms,thegioididong,2026-09-21
364379,,"Màn hình Gaming MSI MAG 274QF X24 (27 inch, WQHD, Rapid IPS, 240Hz, 0.5ms)",MSI,monitor,5190000,,,,5.0,16,https://www.thegioididong.com/man-hinh-may-tinh/msi-gaming-mag-27-inch-wqhd-274qf-x24,thegioididong,2026-09-21
364313,,"Màn hình Asus ProArt PA278CGRV (27 inch, 2K, IPS, 144Hz, 5ms)",Asus,monitor,8890000,,,,5.0,15,https://www.thegioididong.com/man-hinh-may-tinh/asus-proart-27-inch-2k-pa278cgrv,thegioididong,2026-09-21
364310,,"Màn hình Asus ProArt PA278QEV (27 inch, 2K, IPS, 75Hz, 5ms)",Asus,monitor,6990000,7490000,500000,6,5.0,5,https://www.thegioididong.com/man-hinh-may-tinh/asus-proart-27-inch-2k-pa278qev,thegioididong,2026-09-21
363495,,Studio Display 27 inch 5K Chân đế cố định MFEY4SA/A,Apple,monitor,42490000,44990000,2500000,5,5.0,12,https://www.thegioididong.com/man-hinh-may-tinh/studio-display-27-inch-5k-chan-de-co-dinh-mfey4sa-a,thegioididong,2026-09-21
362653,,"Màn hình Gaming Xiaomi G27Qi 2026 (27 inch, QHD, IPS, 200Hz, 1ms)",Xiaomi,monitor,4890000,5190000,300000,5,5.0,19,https://www.thegioididong.com/man-hinh-may-tinh/xiaomi-gaming-27-inch-qhd-g27qi-2026,thegioididong,2026-09-21
370883,,"Màn hình Dell Pro P2426H (23.8 inch Full HD, IPS, 120Hz, 5ms)",Dell,monitor,4890000,,,,,,https://www.thegioididong.com/man-hinh-may-tinh/man-hinh-dell-pro-23-8-inch-full-hd-p2426h,thegioididong,2026-09-21
370882,,"Màn hình Samsung Odyssey OLED LS32HG732SEXXV (32 inch 4K, OLED, 165Hz, 0.03ms)",Samsung,monitor,27990000,29990000,2000000,6,,,https://www.thegioididong.com/man-hinh-may-tinh/man-hinh-samsung-odyssey-oled-324k-oled-165hz4k-ls32hg732sexxv,thegioididong,2026-09-21
370880,,"Màn hình Gaming Asus ROG XG34WCDMS (34 inch UWQHD, QD-OLED, 280Hz, 0.03ms)",Asus,monitor,31990000,34990000,3000000,8,,,https://www.thegioididong.com/man-hinh-may-tinh/man-hinh-gaming-asus-rog-34-inch-uwqhd-qd-oled-280hz-xg34wcdms,thegioididong,2026-09-21
370861,,"Màn hình di động Lenovo L16 68F4UAC1WW (16 inch Full HD, IPS, 60Hz, 6ms)",Lenovo,monitor,3490000,3690000,200000,5,,,https://www.thegioididong.com/man-hinh-may-tinh/man-hinh-di-dong-lenovo-l16-68f4uac1ww-16-inch-full-hd-ips-60hz-6ms,thegioididong,2026-09-21
365868,,"Màn hình Gaming MSI MPG 321URXW QD-OLED (31.5 inch UHD, QD-OLED, 240Hz, 0.03ms)",MSI,monitor,30590000,33990000,3400000,10,5.0,1,https://www.thegioididong.com/man-hinh-may-tinh/man-hinh-gaming-msi-mpg-321urxw-qd-oled-31-5-inch-uhd-qd-oled-240hz-0-03ms,thegioididong,2026-09-21
365867,,"Màn hình Gaming MSI MPG 271QR QD-OLED X50 (26.5 inch WQHD, QD-OLED, 500Hz, 0.03ms)",MSI,monitor,24990000,27990000,3000000,10,5.0,1,https://www.thegioididong.com/man-hinh-may-tinh/man-hinh-gaming-msi-mpg-271qr-qd-oled-x50-26-5-inch-wqhd-500hz-0-03ms,thegioididong,2026-09-21
364962,,"Màn hình Asus ProArt PA32KCX (32 inch, 8K, IPS, 60Hz, 5ms)",Asus,monitor,250000000,,,,,,https://www.thegioididong.com/man-hinh-may-tinh/asus-proart-32-inch-8k-pa32kcx,thegioididong,2026-09-21
364953,,"Màn hình Gaming Asus ROG Swift PG27AQWP-W (26.5 inch, QHD, WOLED, 540Hz, 0.02ms)",Asus,monitor,39990000,,,,,,https://www.thegioididong.com/man-hinh-may-tinh/asus-gaming-rog-swift-26-5-inch-qhd-pg27aqwp-w,thegioididong,2026-09-21
364952,,"Màn hình Gaming Asus ROG Strix XG27AQDMG (26.5 inch, QHD, WOLED, 240Hz, 0.03ms)",Asus,monitor,14990000,17990000,3000000,16,,,https://www.thegioididong.com/man-hinh-may-tinh/asus-gaming-rog-strix-26-5-inch-qhd-xg27aqdmg,thegioididong,2026-09-21
363498,,Studio Display 27 inch 5K Nano Chân đế điều chỉnh MFF04SA/A,Apple,monitor,60490000,62990000,2500000,,,,https://www.thegioididong.com/man-hinh-may-tinh/studio-display-27-inch-5k-nano-chan-de-dieu-chinh-mff04sa-a,thegioididong,2026-09-21
341853,,Màn hình Gaming MSI MAG 273QP QD-OLED X24 26.5 inch 2K/QD-OLED/240Hz/0.03ms,MSI,monitor,14390000,,,,5.0,1,https://www.thegioididong.com/man-hinh-may-tinh/msi-mag-273qp-qd-oled-x24-26-5-inch-2k-qd-oled-240hz-0-03ms,thegioididong,2026-09-21
321396,,Màn hình Xiaomi A27i 27 inch FHD/IPS/100Hz/6ms/HDMI (ELA5345EU),Xiaomi,monitor,2340000,2990000,650000,21,4.9,7159,https://www.thegioididong.com/man-hinh-may-tinh/xiaomi-a27i-27-inch-fhd,thegioididong,2026-09-21
319480,,Màn hình Asus ProArt PA278QV 27 inch 2K IPS/75Hz/5ms,Asus,monitor,6990000,7490000,500000,6,4.9,67,https://www.thegioididong.com/man-hinh-may-tinh/asus-proart-pa278qv-27-inch-2k,thegioididong,2026-09-21
370964,,"Màn hình Gaming Asus ROG Strix XG27ACSR (27 inch 2K, IPS, 220Hz, 0.3ms)",Asus,monitor,6490000,6790000,300000,,,,https://www.thegioididong.com/man-hinh-may-tinh/man-hinh-asus-xg27acsr-272k-ips-220hz-0-3ms,thegioididong,2026-09-21
370876,,"Màn hình Gaming Asus TUF VG279QM5F (27 inch Full HD, IPS, 260Hz, 0.3ms)",Asus,monitor,3790000,,,,,,https://www.thegioididong.com/man-hinh-may-tinh/man-hinh-asus-27fhd-ips-260hz-0-3ms-vg279qm5f,thegioididong,2026-09-21
368267,,"Màn hình Gaming Samsung Odyssey OLED G8 G81SF LS32FG812SEXXV (32 inch 4K, OLED, 240Hz, 0.03ms)",Samsung,monitor,27990000,28990000,1000000,,,,https://www.thegioididong.com/man-hinh-may-tinh/samsung-gaming-odyssey-oled-g8-g81sf-32-inch-4k-ls32fg812sexxv,thegioididong,2026-09-21
368266,,"Màn hình Gaming Samsung Odyssey OLED G9 G93SD LS49DG930SEXXV (49 inch DQHD, OLED, 240Hz, 0.03ms)",Samsung,monitor,29990000,30990000,1000000,,5.0,7,https://www.thegioididong.com/man-hinh-may-tinh/samsung-gaming-odyssey-oled-g9-g93sd-49-inch-dqhd-ls49dg930sexxv,thegioididong,2026-09-21
368265,,"Màn hình Gaming Samsung Odyssey OLED G6 G61SH LS27HG612SEXXV (27 inch QHD, OLED, 240Hz, 0.03ms)",Samsung,monitor,12890000,14990000,2100000,14,,,https://www.thegioididong.com/man-hinh-may-tinh/samsung-gaming-odyssey-oled-g6-g61sh-27-inch-qhd-ls27hg612sexxv,thegioididong,2026-09-21
365870,,"Màn hình Gaming MSI MPG 341CQR QD-OLED (34 inch UWQHD, QD-OLED, 360Hz, 0.03ms)",MSI,monitor,28990000,33790000,4800000,14,5.0,3,https://www.thegioididong.com/man-hinh-may-tinh/man-hinh-gaming-msi-mpg-341cqr-qd-oled-34-inch-uwqhd-qd-oled-360hz-0-03ms,thegioididong,2026-09-21
358203,,"Màn hình Gaming Xiaomi G27i 2026 (27 inch Full HD, IPS, 200Hz, 1ms)",Xiaomi,monitor,3790000,3990000,200000,5,5.0,7,https://www.thegioididong.com/man-hinh-may-tinh/xiaomi-gaming-27-inch-full-hd-g27i-2026,thegioididong,2026-09-21
356846,,"Màn hình Gaming Asus TUF VG27AQ5A (27 inch 2K, IPS, 210Hz, 0.3ms)",Asus,monitor,4890000,,,,5.0,218,https://www.thegioididong.com/man-hinh-may-tinh/vasus-gaming-tuf-27-inch-2k-vg27aq5a,thegioididong,2026-09-21
349978,,"Màn hình Gaming MSI MAG 274CXF (27 inch, Full HD, VA, 280Hz, 0.5ms)",MSI,monitor,3890000,4390000,500000,11,5.0,31,https://www.thegioididong.com/man-hinh-may-tinh/msi-gaming-mag-27-inch-full-hd-274cxf,thegioididong,2026-09-21
339093,,Màn hình SingPC P27F100-IPS 27 inch FHD/IPS/100Hz/5ms,SingPC,monitor,1990000,2390000,400000,16,5.0,602,https://www.thegioididong.com/man-hinh-may-tinh/singpc-p27f100-ips-27-inch-fhd-ips-100hz-5ms,thegioididong,2026-09-21
370024,,"Màn hình Gaming MSI MAG 275QF E21 (27 inch 2K, IPS, 210Hz, 0.5ms)",MSI,monitor,4490000,,,,,,https://www.thegioididong.com/man-hinh-may-tinh/msi-mag-275qf-e21-27-inch-2k,thegioididong,2026-09-21
370026,,"Màn hình Gaming MSI PRO MP273W E14A (27 inch Full HD, IPS, 144Hz, 1ms)",MSI,monitor,2990000,3290000,300000,9,,,https://www.thegioididong.com/man-hinh-may-tinh/msi-pro-mp273w-e14a-27-2k,thegioididong,2026-09-21
362656,,"Màn hình Xiaomi A27Qi 2026 (27 inch, QHD, IPS, 120Hz, 6ms)",Xiaomi,monitor,3790000,,,,5.0,130,https://www.thegioididong.com/man-hinh-may-tinh/xiaomi-27-inch-qhd-a27qi-2026,thegioididong,2026-09-21
338144,,Màn hình Xiaomi A27Ui 27 inch 4K/IPS/60Hz/6ms,Xiaomi,monitor,6760000,,,,5.0,135,https://www.thegioididong.com/man-hinh-may-tinh/xiaomi-a27ui-27-inch-4k-ips-60hz-6ms,thegioididong,2026-09-21
361204,,"Màn hình Gaming Philips Evnia 27M2N2500NF (27 inch QHD, Fast IPS, 144Hz, 0.5ms)",Philips,monitor,3390000,3890000,500000,12,4.9,318,https://www.thegioididong.com/man-hinh-may-tinh/philips-gaming-evnia-27-inch-qhd-27m2n2500nf,thegioididong,2026-09-21
339095,,Màn hình Asus VA279HG-R 27 inch FHD/IPS/120Hz/1ms,Asus,monitor,2790000,2990000,200000,6,5.0,589,https://www.thegioididong.com/man-hinh-may-tinh/asus-va279hg-r-27-inch-fhd-ips-120hz-1ms,thegioididong,2026-09-21
337314,,Màn hình Gaming MSI MAG 255F-E20 24.5 inch FHD/Rapid IPS/200Hz/0.5ms,MSI,monitor,2690000,3190000,500000,15,4.9,780,https://www.thegioididong.com/man-hinh-may-tinh/msi-mag-255f-e20-24-5-inch-fhd-rapid-ips-200hz-0-5ms,thegioididong,2026-09-21
331654,,Màn hình Dell P2425H 23.8 inch FHD/IPS/100Hz/5ms,Dell,monitor,4690000,5490000,800000,14,5.0,581,https://www.thegioididong.com/man-hinh-may-tinh/dell-p2425h-23-8-inch-fhd-ips-100hz-5ms,thegioididong,2026-09-21
364963,,"Màn hình Gaming MSI PRO MP275Q-E14 (27 inch, WQHD, IPS, 144Hz, 4ms)",MSI,monitor,3590000,4090000,500000,12,5.0,168,https://www.thegioididong.com/man-hinh-may-tinh/msi-gaming-pro-27-inch-wqhd-mp275q-e14,thegioididong,2026-09-21
362353,,"Màn hình Gaming Samsung Odyssey G5 G50F LS27FG502EEXXV (27 inch QHD, IPS, 180Hz, 1ms)",Samsung,monitor,4790000,,,,5.0,214,https://www.thegioididong.com/man-hinh-may-tinh/samsung-gaming-odyssey-g5-g50f-27-inch-qhd-ls27fg502eexxv,thegioididong,2026-09-21
358204,,"Màn hình Gaming MSI PRO MP243L-E14 (23.8 inch Full HD, IPS, 144Hz, 4ms)",MSI,monitor,2190000,2490000,300000,12,5.0,281,https://www.thegioididong.com/man-hinh-may-tinh/msi-gaming-23-8-inch-full-hd-mp243l-e14,thegioididong,2026-09-21
337235,,Màn hình Gaming Asus TUF VG279QE5A 27 inch FHD/IPS/146Hz/1ms,Asus,monitor,2890000,3390000,500000,14,5.0,380,https://www.thegioididong.com/man-hinh-may-tinh/asus-tuf-vg279qe5a-27fhd-ips-146hz-1ms,thegioididong,2026-09-21
364380,,"Màn hình MSI PRO MP225 E12VL (21.45 inch, Full HD, VA, 120Hz, 1ms)",MSI,monitor,1690000,1790000,100000,5,5.0,468,https://www.thegioididong.com/man-hinh-may-tinh/msi-pro-21-45-inch-full-hd-mp225-e12vl,thegioididong,2026-09-21
363460,,"Màn hình Gaming Asus TUF VG27AQE5A (27 inch, QHD, IPS, 165Hz, 0.3ms)",Asus,monitor,3690000,4290000,600000,13,5.0,635,https://www.thegioididong.com/man-hinh-may-tinh/asus-gaming-tuf-27-inch-qhd-vg27aqe5a,thegioididong,2026-09-21
335749,,Màn hình Samsung S3 S30GD LS24D300GAEXXV 23.8 inch FHD/IPS/100Hz/1ms,Samsung,monitor,2190000,2490000,300000,12,5.0,2613,https://www.thegioididong.com/man-hinh-may-tinh/samsung-ls24d300gaexxv-23-8-inch-fhd-ips-100hz-1ms,thegioididong,2026-09-21
334003,,Màn hình MSI PRO MP252L 24.5 inch FHD/IPS/100Hz/1ms,MSI,monitor,1990000,2190000,200000,9,4.9,5160,https://www.thegioididong.com/man-hinh-may-tinh/msi-pro-mp252l-24-5-inch-fhd-ips-100hz-1ms,thegioididong,2026-09-21
