product_id,screen_size_inch,resolution,refresh_rate_hz,panel_type,response_time_ms
363462,23.8,Full HD (1920 x 1080),144,IPS,1.0
370022,27.0,Full HD (1920 x 1080),144,IPS,1.0
365862,27.0,Full HD (1920 x 1080),144,IPS,1.0
329690,21.45,Full HD (1920 x 1080),100,VA,1.0
365786,24.0,Full HD (1920 x 1080),100,IPS,1.0
358835,27.0,Full HD (1920 x 1080),144,IPS,4.0
364381,27.0,Full HD (1920 x 1080),120,VA,2.0
339897,27.0,Full HD (1920 x 1080),100,IPS,5.0
338142,23.8,Full HD (1920 x 1080),120,IPS,1.0
339092,21.5,Full HD (1920 x 1080),100,IPS,5.0
365871,23.8,Full HD (1920 x 1080),144,IPS,1.0
358205,24.5,Full HD (1920 x 1080),100,IPS,1.0
342212,27.0,Full HD (1920 x 1080),180,VA,1.0
331920,23.8,Full HD (1920 x 1080),120,IPS,1.0
328849,24.5,Full HD (1920 x 1080),120,IPS,1.0
365874,27.0,Full HD (1920 x 1080),144,IPS,6.0
364378,24.5,Full HD (1920 x 1080),240,Rapid IPS,0.5
342369,27.0,Full HD (1920 x 1080),240,Fast IPS,0.3
362657,27.0,Full HD (1920 x 1080),144,IPS,1.0
322529,34.0,3K (3440 x 1440),100,VA,5.0
322533,27.0,QHD (2560 x 1440),165,VA,1.0
331656,27.0,Full HD (1920 x 1080),100,IPS,5.0
335630,27.0,Full HD (1920 x 1080),180,IPS,1.0
370021,23.8,Full HD (1920 x 1080),144,IPS,1.0
367218,27.0,QHD (2560 x 1440),180,OLED,0.03
369752,27.0,QHD (2560 x 1440),144,IPS,1.0
361203,24.0,QHD (2560 x 1440),144,Fast IPS,0.5
365863,15.6,Full HD (1920 x 1080),60,IPS,5.0
342368,23.8,Full HD (1920 x 1080),240,Fast IPS,0.3
367219,27.0,QHD (2560 x 1440),200,IPS,1.0
368644,23.8,Full HD (1920 x 1080),200,IPS,0.5
344716,23.8,Full HD (1920 x 1080),100,IPS,6.5
349979,23.8,Full HD (1920 x 1080),240,Rapid IPS,0.5
364960,15.6,Full HD (1920 x 1080),60,IPS,5.0
339094,24.5,Full HD (1920 x 1080),200,Fast IPS,1.0
368264,24.0,Full HD (1920 x 1080),144,IPS,5.0
336402,23.8,Full HD (1920 x 1080),146,IPS,1.0
370877,27.0,QHD (2560 x 1440),220,Fast IPS,1.0
334381,23.8,Full HD (1920 x 1080),200,IPS,4.0
364964,34.0,UWQHD (3440 x 1440),120,VA,1.0
358834,15.6,Full HD (1920 x 1080),60,IPS,4.0
332008,27.0,Full HD (1920 x 1080),120,IPS,1.0
358519,24.1,WUXGA (1920 x 1200),100,IPS,5.0
362654,23.8,Full HD (1920 x 1080),144,IPS,6.0
290765,27.0,UHD (3840 x 2160),60,IPS,5.0
370881,23.8,Full HD (1920 x 1080),260,Fast IPS,1.0
358202,27.0,QHD (2560 x 1440),120,IPS,5.0
365872,27.0,2K (2560 x 1440),210,Fast IPS,0.3
328465,32.0,UHD (3840 x 2160),240,OLED,0.03
365785,16.0,Full HD (1920 x 1080),60,IPS,7.0
364965,34.0,UWQHD (3440 x 1440),120,VA,1.0
364950,27.0,QHD (2560 x 1440),300,Fast IPS,1.0
364309,16.0,WUXGA (1920 x 1200),75,IPS,5.0
358521,27.0,Full HD (1920 x 1080),240,Rapid IPS,0.5
358385,27.0,Full HD (1920 x 1080),280,Rapid VA,0.5
341854,27.0,Full HD (1920 x 1080),100,IPS,1.0
334382,27.0,Full HD (1920 x 1080),200,IPS,4.0
370878,34.0,WQHD (3440 x 1440),200,VA,1.0
337072,27.0,QHD (2560 x 1440),180,IPS,1.0
364311,27.0,4k (3840 x 2160),60,IPS,5.0
344717,27.0,Full HD (1920 x 1080),240,Rapid VA,0.5
370025,27.0,QHD (2560 x 1440),144,IPS,1.0
342555,27.0,UHD (3840 x 2160),120,IPS,5.0
370019,26.5,WQHD (2560 x 1440),540,WOLED,0.02
364961,27.0,5K (5120 x 2880),60,IPS,5.0
364954,27.0,QHD (2560 x 1440),255,Fast IPS,1.0
363500,27.0,5K Retina XDR (5120 x 2880),120,Hãng không công bố,
361202,32.0,UHD (3840 x 2160),240,WOLED,0.03
361200,26.5,QHD (2560 x 1440),280,QD-OLED,0.03
361198,34.0,UWQHD (3440 x 1440),175,OLED,0.03
358836,26.5,WQHD (2560 x 1440),500,QD-OLED,0.03
335629,24.5,Full HD (1920 x 1080),200,IPS,1.0
332351,27.0,UHD (3840 x 2160),60,IPS,5.0
370884,27.0,Full HD (1920 x 1080),120,IPS,5.0
365866,24.5,Full HD (1920 x 1080),300,Rapid IPS,0.5
364379,27.0,WQHD (2560 x 1440),240,Rapid IPS,0.5
364313,27.0,2K (2560 x 1440),144,IPS,5.0
364310,27.0,2K (2560 x 1440),75,IPS,5.0
363495,27.0,5K Retina (5120 x 2880),60,Hãng không công bố,
362653,27.0,QHD (2560 x 1440),200,IPS,1.0
370883,23.8,Full HD (1920 x 1080),120,IPS,5.0
370882,32.0,4k (3840 x 2160),165,OLED,0.03
370880,34.0,WQHD (3440 x 1440),280,QD-OLED,0.03
370861,16.0,Full HD (1920 x 1080),60,IPS,6.0
365868,31.5,UHD (3840 x 2160),240,QD-OLED,0.03
365867,26.5,WQHD (2560 x 1440),500,QD-OLED,0.03
364962,32.0,8K (7680x4320),60,IPS,5.0
364953,26.5,QHD (2560 x 1440),540,WOLED,0.02
364952,26.5,QHD (2560 x 1440),240,WOLED,0.03
363498,27.0,5K Retina (5120 x 2880),60,Hãng không công bố,
341853,26.5,WQHD (2560 x 1440),240,QD-OLED,0.03
321396,27.0,Full HD (1920 x 1080),100,IPS,6.0
319480,27.0,QHD (2560 x 1440),75,IPS,5.0
370964,27.0,2K (2560 x 1440),220,Fast IPS,1.0
370876,27.0,Full HD (1920 x 1080),260,Fast IPS,0.3
368267,32.0,4k (3840 x 2160),240,OLED,0.03
368266,49.0,DQHD (5120 x 1440),240,OLED,0.03
368265,27.0,QHD (2560 x 1440),240,OLED,0.03
365870,34.0,UWQHD (3440 x 1440),360,QD-OLED,0.03
358203,27.0,Full HD (1920 x 1080),200,Fast IPS,1.0
356846,27.0,WQHD (2560 x 1440),210,Fast IPS,0.3
349978,27.0,Full HD (1920 x 1080),280,VA,0.5
339093,27.0,Full HD (1920 x 1080),100,IPS,5.0
370024,27.0,QHD (2560 x 1440),210,Rapid IPS,0.5
370026,27.0,Full HD (1920 x 1080),144,IPS,
362656,27.0,QHD (2560 x 1440),120,IPS,6.0
338144,27.0,UHD (3840 x 2160),60,IPS,6.0
361204,27.0,QHD (2560 x 1440),144,Fast IPS,0.5
339095,27.0,Full HD (1920 x 1080),120,IPS,1.0
337314,24.5,Full HD (1920 x 1080),200,Rapid IPS,0.5
331654,23.8,Full HD (1920 x 1080),100,IPS,5.0
364963,27.0,WQHD (2560 x 1440),144,IPS,4.0
362353,27.0,QHD (2560 x 1440),180,IPS,1.0
358204,23.8,Full HD (1920 x 1080),144,IPS,4.0
337235,27.0,Full HD (1920 x 1080),146,IPS,1.0
364380,21.45,Full HD (1920 x 1080),120,VA,1.0
363460,27.0,QHD (2560 x 1440),165,IPS,0.3
335749,23.8,Full HD (1920 x 1080),100,IPS,1.0
334003,24.5,Full HD (1920 x 1080),100,IPS,1.0
