product_id,sku,connection_type,keyboard_type,switch_type,layout,backlight
7438,1202903,,,,,
4288,1202937,,,,,
8211,1202938,,,,,
9080,1503133,Wireless,,,,
9088,1503243,Bluetooth,,,,
9569,1602542,,,,,
3139,1701205,,,,,
6583,1703677,,Mechanical,,,
6584,1703678,,Mechanical,Optical Switch,,
6992,1703737,,,,,
190,1703750,,,,,
5243,1703782,,,,,
23471,1800231,,,,,
33008,1808294,,,,,
34840,1810781,,Mechanical,Red Switch,,
37310,18110029,,,,,
40504,19040963,,Mechanical,D Switch,,RGB
40504,19040964_SUB_1,,Mechanical,D Switch,,RGB
41106,19050529,,Mechanical,,,
69040,200300352,,Mechanical,,,
69040,200300353,,Mechanical,,,
67249,200600655,,Mechanical,Switch Blue,,LED
69040,200700097,,Mechanical,,,
80759,201000932,,,,,
149445,210200598,Wireless,,,,
149445,210200599,Wireless,,,,
296793,210700023,Wireless,Mechanical,,,
296793,210700024,Wireless,Mechanical,,,
296793,210700025,Wireless,Mechanical,,,
386914,211000720,,Mechanical,,,RGB
386914,211000721,,Mechanical,OPX Switch,,RGB
390609,211003699,Wireless,,,,
390609,211003701,Wireless,,,,
390612,211003702,Wireless,,,,
411429,220100318,Wireless,Mechanical,White Switch,,
411429,220100319,Wireless,Mechanical,Red Switch,,
411429,220100320,Wireless,Mechanical,Yellow Switch,,
411431,220100321,Wireless,Mechanical,Axis Switch,,
411431,220100323,Wireless,Mechanical,Axis Switch,,
411431,220100324,Wireless,Mechanical,Axis Switch,,
414146,220103958,,Mechanical,Tactile Switch,,
414147,220103959,,Mechanical,Tactile Switch,TKL,
440587,220700067,Wireless,,,,
442517,220706624,,,,,
447749,220805960,Wireless,Mechanical,Red Switch,,
447752,220805963,Wireless,,,,
447752,220805964,Wireless,,,,
465769,221002611,,Mechanical,Green Switch,,
465773,221002615,,Mechanical,,,
465780,221002622,,Mechanical,,,
465800,221002642,,,,,
466959,221003457,,,,,RGB
470945,221201649,,Mechanical,,,
471118,221201855,Wireless,Mechanical,Purple Switch,,
471118,221201856,Wireless,Mechanical,Red Switch,,
471118,221201857,Wireless,Mechanical,Yellow switch,,
498444,230105816,,,,,
396961,230202445,,,Optical switch,,
502541,230203658,,Mechanical,,,
502543,230203660,,,,,RGB
502548,230203665,,Mechanical,D Switch,,RGB
504681,230300020,,,Optical switch,,
507354,230302897,Wired,,Aqua Switch,,
507354,230302898,Wired,,Red Switch,,
508392,230304552,,,,,RGB
510987,230401900,Wired,Mechanical,Yellow Switch,,
510987,230401901,Wired,Mechanical,Green Switch,,
516743,230603109,Wireless,Mechanical,AKKO switch,,
516743,230603110,Wireless,Mechanical,AKKO switch,,
516747,230603113,Wireless,Mechanical,AKKO switch,,
516747,230603114,Wireless,Mechanical,AKKO switch,,
516749,230603115,Wireless,Mechanical,AKKO switch,,
516749,230603116,Wireless,Mechanical,AKKO switch,,
517166,230603463,,,,,
517899,230604096,Wired,,,,
519628,230701233,"Bluetooth, Wireless",,,,
519628,230701234,"Bluetooth, Wireless",,,,
523431,230800431,,Mechanical,Green Switch,,
523431,230800432,,Mechanical,Yellow Switch,,
523433,230800433,,Mechanical,Green Switch,,
523433,230800434,,Mechanical,Yellow Switch,,
527659,230901160,Wireless,Mechanical,,,
528779,230903453,"Bluetooth, Wireless",,,,
528779,230903454,"Bluetooth, Wireless",,,,
528779,230903455,"Bluetooth, Wireless",,,,
528783,230903458,Wireless,Mechanical,,Tkl,
528783,230903459,Wireless,Mechanical,,Tkl,
531646,231002801,"Bluetooth, Wireless",,,,
531646,231002802,"Bluetooth, Wireless",,,,
531668,231002823,,Mechanical,,,RGB
532962,231004191,"Wireless, Wired",,Red Switch,,LED
534836,231101830,Wireless,Mechanical,Dream switch,,
534860,231101853,,Mechanical,Red Switch,,
534860,231101854,,Mechanical,Blue Switch,,
534860,231101855,,Mechanical,Red Switch,,
534860,231101856,,Mechanical,Blue Switch,,
534862,231101857,,Mechanical,Blue Switch,,
534862,231101858,,Mechanical,Red Switch,,
535485,231103018,,,,,RGB
535498,231103025,Wireless,,,,
535498,231103026,Wireless,,,,
535498,231103028,Wireless,,,,
535498,231103029,Wireless,,,,
535498,231103030,Wireless,,,,
535498,231103031,Wireless,,,,
544144,240200110,Wireless,Mechanical,Dream switch,,
544994,240201246,Wireless,,Red Switch,,
544994,240201247,Wireless,,Blue Switch,,
544995,240201248,Wireless,,Snow Switch,,
544995,240201249,Wireless,,Storm Switch,,
544995,240201250,Wireless,,Storm Switch,,
545327,240201251,Wireless,,Storm Switch,,
544999,240201252,,,Storm Switch,,
545853,240300770,,,,,
547975,240302591,Wired,,,TKL,
548291,240303042,,Mechanical,Akko switch,,RGB
554173,240502373,"Bluetooth, Wireless",Mechanical,,,
554173,240502374,"Bluetooth, Wireless",Mechanical,,,
554173,240502375,"Bluetooth, Wireless",Mechanical,,,
557178,240504993,,Mechanical,Dream switch,,LED
557178,240504994,,Mechanical,Firefly switch,,LED
557180,240504996,,Mechanical,Optical switch,,
561028,240602378,,Mechanical,,,
561028,240602389,,Mechanical,,,
561832,240603270,Wireless,Mechanical,V3 Switch,,
561832,240603274,Wireless,Mechanical,Agile Switch,,
561832,240603279,Wireless,Mechanical,V3 Switch,,
561832,240603284,Wireless,Mechanical,Reaper Switch,,
561852,240603288,Wireless,Mechanical,,,
561852,240603293,Wireless,Mechanical,,,
561852,240603297,Wireless,Mechanical,,,
561853,240603298,Wireless,Mechanical,Reaper switch,,
561852,240603302,Wireless,Mechanical,,,
561853,240603303,Wireless,Mechanical,vein switch,,
561853,240603307,Wireless,Mechanical,Reaper switch,,
561862,240603308,Wireless,Mechanical,,,
561853,240603313,Wireless,Mechanical,V3 Switch,,
561862,240603314,Wireless,Mechanical,,,
561853,240603319,Wireless,Mechanical,V3 Switch,,
561853,240603325,Wireless,Mechanical,V3 Switch,,
561883,240603328,Wireless,Mechanical,Reaper Switch,,
565856,240703710,,Mechanical,,,
565888,240703742,,Mechanical,Optical Switch,,
566356,240704210,,Mechanical,,,
566423,240704273,,,,,
566566,240704389,Wireless,,,,
566562,240704391,,,,,
566582,240704405,Wireless,,,TKL,
566582,240704407,Wireless,,,TKL,
568213,240706054,,Mechanical,Dream switch,,LED
570735,240803304,Wireless,,,,
570735,240803305,Wireless,,,,
570874,240803460,,Mechanical,Switch V3,,RGB
570894,240803480,,Mechanical,,,RGB
573242,240805945,Wireless,,,,
573263,240805966,Wireless,,,,
573267,240805967,,Mechanical,Dream switch,,RGB
573267,240805970,,Mechanical,Dream switch,,RGB
575679,240902581,,Mechanical,,,RGB
582020,240908887,,Mechanical,,,
582030,240908895,Wired,,,,RGB
582038,240908901,Wireless,,,Tkl,RGB
582038,240908908,Wireless,,,Tkl,RGB
582059,240908921,Wired,,,,
582069,240908928,,,Blue Switch,,
584592,241002018,,Mechanical,,,
584590,241002019,,Membrane/Hybrid,,,
585061,241002398,,Mechanical,Red Switch,,
585060,241002403,Wireless,,Storm Switch,,
585064,241002407,,Mechanical,Dream switch,,RGB
585065,241002408,Wireless,Mechanical,Vector switch,,
585060,241002412,Wireless,,Snow Switch,,
585070,241002414,,Mechanical,Dream switch,,RGB
586912,241004148,Wireless,,,,
586912,241004155,Wireless,,,,
586912,241004161,Wireless,,,,
586912,241004166,Wireless,,,,
589534,241101258,,Mechanical,Switch Blue,,LED
592094,241105103,Wireless,Mechanical,Vector switch,,
592094,241105110,Wireless,Mechanical,V3 switch,,
593196,241106182,Wireless,,,,RGB
593196,241106206,Wireless,,,,RGB
593727,241106421,"Wireless, Wired",,Brown Switch,,LED
596351,241204512,Wireless,Mechanical,V4 switch,,
596357,241204513,Wireless,Mechanical,Vector switch,,
596349,241204514,Wireless,Mechanical,Ramboo switch,,
596354,241204517,Wireless,Mechanical,Reaper switch,,
596352,241204518,Wireless,Mechanical,V4 switch,,
596357,241204520,Wireless,Mechanical,Vector switch,,
596358,241204522,Wireless,Mechanical,V3 switch,,
596363,241204526,Wireless,Mechanical,Latte switch,,
597059,241205217,Wired,,,TKL,
597059,241205225,Wired,,,TKL,
597059,241205229,Wired,,,TKL,
599510,250100117,Wireless,Mechanical,Vector Switch,,
599510,250100118,Wireless,Mechanical,Vector Switch,,
615654,250116321,Wireless,Mechanical,,,
615654,250116322,Wireless,Mechanical,,,
615654,250116323,Wireless,Mechanical,,,
615720,250116387,Wireless,Mechanical,Magnetic Switch,,
615953,250116618,Wireless,Mechanical,V3 switch,,
615953,250116619,Wireless,Mechanical,V3 switch,,
615953,250116620,Wireless,Mechanical,V3 switch,,
615953,250116621,Wireless,Mechanical,V3 switch,,
615953,250116622,Wireless,Mechanical,V3 switch,,
616581,250200076,,Mechanical,,,LED
616556,250200077,,Mechanical,,,LED
617782,250203160,Wireless,Mechanical,Yellow Switch,,
617782,250203167,Wireless,Mechanical,Yellow Switch,,
568225,250203275,,Mechanical,Dream switch,,RGB
617898,250203279,,Mechanical,,,RGB
619945,250206341,Wired,Mechanical,Red Switch,,
619937,250206342,Wireless,Mechanical,Reaper Switch,,
619943,250206343,,Mechanical,AKKO Switch,,RGB
619945,250206347,Wired,Mechanical,Red Switch,,
620476,250300509,,Mechanical,Dream switch,,RGB
620848,250300971,,,,,
620850,250300972,Wireless,Mechanical,Blue Switch,,
620851,250300973,,Mechanical,Brown Switch,,
620851,250300977,,Mechanical,Blue Switch,,
621557,250301449,Wireless,Mechanical,Cloud switch,,
621558,250301450,Wireless,,,,
621561,250301451,Wireless,Mechanical,Cloud switch,,
621563,250301452,Wireless,Mechanical,Cloud switch,,
621564,250301453,Wireless,,,TKL,
621557,250301454,Wireless,Mechanical,Cloud switch,,
621566,250301455,,Mechanical,Dream switch,,
621567,250301456,Wireless,Mechanical,Cloud switch,,
621639,250301528,Wireless,Mechanical,,,LED
621641,250301529,,Mechanical,,,
622354,250302272,,Mechanical,Magnetic Switch,,
622401,250302318,Wireless,Mechanical,Magnetic Switch,,
626350,250306237,Wireless,Mechanical,Magnetic Switch,,
626351,250306238,,Mechanical,Red Switch,,
632492,250400540,Wireless,Mechanical,V3 switch,,
632488,250400541,,Mechanical,Reaper switch,,
632488,250400542,Wireless,Mechanical,Reaper switch,,
632492,250400543,Wireless,Mechanical,Reaper switch,,
632492,250400545,Wireless,Mechanical,V3 switch,,
638843,250406853,,,,,
638851,250406858,Wireless,,,TKL,
642544,250410571,,,Green Switch,,
648653,250416611,Wireless,Mechanical,,,
648652,250416612,Bluetooth,,,,
648668,250416620,"Bluetooth, Wireless",Mechanical,,,
648665,250416621,Bluetooth,,,,
648666,250416622,Bluetooth,,,,
648653,250416624,Wireless,Mechanical,,,
648668,250416625,"Bluetooth, Wireless",Mechanical,,,
655074,250503270,,,,,
666220,250512186,Wireless,Mechanical,Reaper switch,,
666207,250512187,Wireless,,,,
666221,250512193,Wireless,,,,
666215,250512195,Wireless,Mechanical,Vector Switch,,
666220,250512200,Wireless,Mechanical,V3 Switch,,
666221,250512201,Wireless,,,,
666229,250512202,Wireless,Mechanical,Volcano switch,,
666227,250512207,,Mechanical,magnetic switch,,
666228,250512208,Wireless,Mechanical,Red Switch,,RGB
666229,250512209,Wireless,Mechanical,Nimbus switch,,
666245,250512213,,Mechanical,Magnetic switch,,
666235,250512214,Wireless,Mechanical,Red Switch,,
666236,250512216,Wireless,Mechanical,Reaper switch,,
666241,250512220,Wireless,Mechanical,Red Switch,,RGB
666245,250512224,,Mechanical,Magnetic switch,,
666247,250512226,Wireless,Mechanical,Brown Switch,,RGB
666251,250512230,,Mechanical,magnetic switch,,
666253,250512232,Wireless,Mechanical,Banana Switch,,RGB
666268,250512235,,Mechanical,magnetic switch,,
666259,250512237,"Bluetooth, Wireless, Wired",Mechanical,Brown Switch,,
666268,250512241,,Mechanical,magnetic switch,,
666268,250512248,,Mechanical,magnetic switch,,
666207,250512280,Wireless,,,,
666245,250512288,,Mechanical,Magnetic switch,,
677467,250521430,Bluetooth,,,,
716683,250638596,Wireless,Mechanical,,,
716683,250638602,Wireless,Mechanical,,,
719831,250640736,Wired,Mechanical,red switch,,
725250,250646093,,Mechanical,Red switch,,
725250,250646095,,Mechanical,Brown switch,,
725252,250646096,,Mechanical,Dream switch,,
725303,250646156,Wireless,Mechanical,,,
725303,250646158,Wireless,Mechanical,,,
753269,250714105,Wireless,,Wood Switch,,
666215,250714106,Wireless,,Reaper Switch,,
753273,250714108,Wireless,,Jadeite Switch,,
753273,250714109,Wireless,,feather Switch,,
753274,250714110,Wireless,,Reaper Switch,,
753270,250714111,Wired,Mechanical,,,
596358,250714112,Wireless,,Nimbus switch,,
753276,250714113,Wireless,,vector Switch,,
753274,250714114,Wireless,,Vein Switch,,
753273,250714115,Wireless,,feather switch,,
797258,250716118,Wireless,,,,
755351,250716137,Wireless,,,,
755351,250716144,Wireless,,,,
759356,250719876,Wired,Mechanical,,,
759360,250719881,Wired,Mechanical,Red Switch,,
759365,250719885,Wireless,Mechanical,Obsidian Switch,,
766907,250804294,,,,,
766908,250804295,,,,,
767228,250804615,,,,,
770799,250807890,,Mechanical,,,
770805,250807895,Wired,,,,
771517,250808336,Wired,Mechanical,magnetic switch,,
771517,250808337,Wired,Mechanical,magnetic switch,,
771517,250808338,Wired,Mechanical,magnetic switch,,
771990,250808773,Wireless,Mechanical,,,
771990,250808780,Wireless,Mechanical,,,
772394,250809128,Wireless,Mechanical,,,
773096,250900527,,Mechanical,,TKL,
776743,250904048,,Mechanical,Dream switch,,
776929,250904233,,,,,
778968,250906255,,Mechanical,,,
778974,250906261,,Mechanical,,,
778997,250906283,,Mechanical,,,
784528,250911672,,,,,
784552,250911686,Wireless,,,,
784552,250911696,Wireless,,,,
755351,251005739,Wireless,,,,
792511,251005760,Wireless,Mechanical,,,
792513,251005762,Wired,Mechanical,,,
792526,251005773,Wireless,Mechanical,Storm Switch,,
792526,251005775,Wireless,Mechanical,Snow Switch,,
799440,251011302,Wired,Mechanical,,,
799444,251011303,,Mechanical,,,
799447,251011307,Wired,Mechanical,,,
799448,251011308,Wireless,Mechanical,,,
800640,251012459,,Mechanical,,,
800656,251012476,,Mechanical,Reaper switch,,
800656,251012481,,Mechanical,Reaper switch,,
802307,251014071,Wireless,Mechanical,,,
802307,251014073,Wireless,Mechanical,,,
807305,251017422,Wireless,,,,
811331,251100567,,,,,
814010,251103304,Wired,Mechanical,,,
818343,251107186,Wired,Mechanical,Blue Switch,,
818353,251107192,Wired,Mechanical,,,
822720,251111625,,Mechanical,,,
824654,251113496,Wired,Mechanical,,,
828556,251202921,Wireless,Mechanical,,,
828556,251202928,Wireless,Mechanical,,,
828557,251202929,Wireless,Mechanical,,,
833432,251207548,Wireless,Mechanical,,,
833433,251207554,Wireless,Mechanical,,,
833432,251207561,Wireless,Mechanical,,,
837865,251211472,Wired,Mechanical,,,
837865,251211500,Wired,Mechanical,,,
840868,260102025,Wireless,Mechanical,,,
840878,260102032,Wireless,Mechanical,,,
840878,260102038,Wireless,Mechanical,,,
840884,260102045,Wireless,Mechanical,,,
840884,260102051,Wireless,Mechanical,,,
840897,260102058,Wired,Mechanical,,,
840905,260102065,Wired,Mechanical,,,
840919,260102073,Wired,Mechanical,,,
840919,260102078,Wired,Mechanical,,,
840927,260102087,Wired,Mechanical,,,
840868,260102092,Wireless,Mechanical,,,
844023,260105213,,,,,
844156,260105346,,,,,
844282,260105472,,,,,
844512,260105703,Wireless,,,,
844521,260105709,Wireless,,,,
848787,260200460,Wired,Mechanical,Storm Switch,,
848787,260200465,Wired,Mechanical,Snow Switch,,
849887,260201489,Wired,Mechanical,,TKL,
849845,260201492,Wired,,,,
849848,260201493,Wired,Mechanical,,,
849853,260201498,Wired,,,TKL,
849852,260201500,Wireless,Mechanical,,,
849858,260201504,Wired,Mechanical,,,
849866,260201505,Wireless,Mechanical,,,
849862,260201508,Wired,Mechanical,,,
849865,260201511,Wired,Mechanical,,,
850059,260201512,Wireless,Mechanical,,,
849869,260201514,Wired,Mechanical,,,
849865,260201518,Wired,Mechanical,,,
849873,260201519,Wired,Mechanical,,TKL,
849865,260201526,Wired,Mechanical,,,
849880,260201527,Wireless,Mechanical,,TKL,
849884,260201532,Wired,Mechanical,,,
849887,260201533,Wired,Mechanical,,TKL,
850893,260202537,Wireless,Mechanical,,,
850898,260202540,Wired,Mechanical,,,
853597,260300912,Wired,,Red switch,,
853597,260300931,Wired,,Red switch,,
854326,260301633,Wireless,Mechanical,Creamsicle Switch,,
854338,260301646,Wireless,Mechanical,Latte Switch,,
854338,260301653,Wireless,Mechanical,Latte Switch,,
854350,260301659,,Mechanical,Magnetic Switch,,
854357,260301665,,Mechanical,Magetic Switch,,
854370,260301672,,Mechanical,Magnetic Switch,,
854370,260301679,,Mechanical,Magnetic Switch,,
857434,260304418,Wireless,Mechanical,Pink Switch,,
857421,260304420,Wireless,Mechanical,Pink Switch,,
857434,260304426,Wireless,Mechanical,Pink Switch,,
857428,260304429,Wired,Mechanical,Pink Switch,,
857434,260304434,Wireless,Mechanical,Pink Switch,,
857448,260304435,Wireless,Mechanical,Piano Switch,,
857421,260304436,Wireless,Mechanical,Pink Switch,,
857421,260304440,Wireless,Mechanical,Pink Switch,,
857448,260304441,Wireless,Mechanical,Piano Switch,,
857448,260304446,Wireless,Mechanical,Piano Switch,,
857421,260304448,Wireless,Mechanical,Pink Switch,,
860362,260400554,Wired,Mechanical,,,
860335,260400556,Wireless,Mechanical,Red Switch,,
860341,260400561,Wireless,Mechanical,Red Switch,,
860349,260400566,Wired,Mechanical,Magnetic Switch,,
860352,260400569,Wireless,Mechanical,,,
860362,260400574,Wired,Mechanical,,,
862666,260402858,Wired,,Magnetic Switch,,
862679,260402865,Wired,,Gaming Switch,,
862679,260402871,Wired,,Gaming Switch,,
862685,260402878,Wired,,Pro Switch,,RGB
862710,260402889,Wired,,Zenith Switch,,
862710,260402896,Wired,,Zenith Switch,,
862710,260402903,Wired,,Zenith Switch,,
862730,260402909,Wired,,BrightBlade Switch,,
862730,260402916,Wired,,BrightBlade Switch,,
862730,260402923,Wired,,Iceblade Switch,,
862730,260402931,Wired,,Iceblade Switch,,
862730,260402937,Wired,,Iceblade Switch,,
862666,260402944,Wired,,Magnetic Switch,,
862666,260402950,Wired,,Magnetic Switch,,
869636,260501476,Wired,,,,
872090,260503903,Wireless,,,,
872134,260503948,Wired,Mechanical,Purple Switch,,
876965,260508559,Wired,Mechanical,Tactile switch,TKL,
876971,260508565,Wired,Mechanical,Tactile switch,TKL,
876971,260508572,Wired,Mechanical,Tactile switch,TKL,
876965,260508591,Wired,Mechanical,Tactile switch,TKL,
879810,260602174,Wireless,Mechanical,Anya switch,,
879810,260602233,Wireless,Mechanical,Anya switch,,
880225,260602604,Wireless,,,,
880761,260603134,,Membrane/Hybrid,,,
880768,260603142,,Mechanical,Red Switch,,
881523,260700036,Wireless,,Clicky switch,TKL,
881523,260700037,Wireless,,Linear switch,TKL,
883328,260701742,Wireless,,,,
883322,260701766,Wired,Mechanical,Magnetic switch,,
883328,260701771,Wireless,,,,
885309,260703465,Wired,Mechanical,,,
885309,260703471,Wired,Mechanical,,,
886577,260704559,Wireless,Mechanical,X3 switch,,
886579,260704560,Wireless,Mechanical,Pegasus Switch,,
886576,260704562,Wired,Mechanical,Pink switch,,
886579,260704566,Wireless,Mechanical,Pegasus Switch,,
886594,260704567,Wireless,Mechanical,Magnetic switch,,
886586,260704568,Wireless,Mechanical,V3 switch,,
886586,260704572,Wireless,Mechanical,Barbie switch,,
886594,260704574,Wireless,Mechanical,Magnetic switch,,
886577,260704578,Wireless,Mechanical,Seascape switch,,
886576,260704579,Wired,Mechanical,Blue switch,,
886594,260704580,Wireless,Mechanical,Magnetic switch,,
886577,260704584,Wireless,Mechanical,Panda switch,,
886576,260704586,Wired,Mechanical,Blue switch,,
886586,260704588,Wireless,Mechanical,V3 switch,,
886577,260704590,Wireless,Mechanical,Mint switch,,
886607,260704592,Wireless,Mechanical,Red switch,,
886576,260704594,Wired,Mechanical,Pink switch,,
888152,260705968,Wireless,Mechanical,Snow switch,,
888152,260705975,Wireless,Mechanical,Storm switch,,
888172,260705982,Wired,Mechanical,,,
888172,260705989,Wired,Mechanical,,,
888179,260705996,Wireless,Mechanical,,,
888187,260706004,Wireless,Mechanical,,,
888201,260706013,Wireless,Mechanical,,,
888201,260706019,Wireless,Mechanical,,,
890620,260801467,Wired,Mechanical,Iceblade Switch,,
890620,260801471,Wired,Mechanical,Iceblade Switch,,
890620,260801479,Wired,Mechanical,Iceblade Switch,,
890620,260801487,Wired,Mechanical,Iceblade Switch,,
890629,260801491,Wireless,Mechanical,Mechanical Switch,,
890649,260801497,Wired,Mechanical,,,
890649,260801503,Wired,Mechanical,,,
890649,260801510,Wired,Mechanical,,,
890687,260801541,Wireless,Mechanical,,,
890705,260801555,Wired,Mechanical,Iceblade Switch,,
890705,260801556,Wired,Mechanical,Iceblade Switch,,
892714,260803512,Wireless,Mechanical,Sakura Switch,,
892714,260803519,Wireless,Mechanical,Sakura Switch,,
892748,260803537,Wireless,Mechanical,magnetic switch,,
892736,260803538,Wireless,Mechanical,Red Switch,,
892748,260803544,Wireless,Mechanical,magnetic switch,,
892742,260803545,Wired,Mechanical,Red Switch,,
892748,260803549,Wireless,Mechanical,magnetic switch,,
892755,260803550,Wireless,Mechanical,Nebula Switch,,
892761,260803556,Wireless,Mechanical,White switch,,
892755,260803557,Wireless,Mechanical,Nebula Switch,,
892761,260803563,Wireless,Mechanical,White switch,,
892762,260803564,Wireless,Mechanical,Red Switch,,
892768,260803569,Wired,Mechanical,Brown switch,,
892769,260803570,Wireless,,,,
892774,260803576,Wireless,Mechanical,Raindrop switch,,
892775,260803577,Wireless,Mechanical,Red Switch,,
892781,260803583,Wired,Mechanical,Magnetic Switch,,
895198,260805896,Wireless,Mechanical,Vector switch,,
895222,260805905,Wireless,Mechanical,Candy Switch,,
895222,260805913,Wireless,Mechanical,Candy Switch,,
895222,260805919,Wireless,Mechanical,Candy Switch,,
897069,260901678,,,,,
897076,260901686,,Membrane/Hybrid,,,
897090,260901693,,Membrane/Hybrid,,,
897090,260901700,,Membrane/Hybrid,,,
897098,260901708,Wireless,Mechanical,,,
897120,260901715,Wireless,Mechanical,,,
897120,260901722,Wireless,Mechanical,,,
897120,260901729,Wireless,Mechanical,,,
