product_id,sku,name,brand,category,price_vnd,old_price_vnd,discount_amount_vnd,discount_percent,rating,review_count,url,source,crawl_date
464239,220920819,Laptop cũ Acer Swift 3 SF314-511-55QE (NX.ABNSV.003) (i5-1135G7) (Bạc) - Đã sử dụng,Acer,laptop,10490000.0,23790000.0,13300000.0,56.0,,,,phongvu,2026-09-21
465607,221002177,Laptop cũ Dell Inspiron 3525 (3525 - N5R75825U106W) (AMD Ryzen 7 5825U) - Đã sử dụng,Dell,laptop,10990000.0,20490000.0,9500000.0,46.0,,,,phongvu,2026-09-21
467997,221100518,Laptop cũ HP ProBook 450 G9 (6M0Z5PA) (i5-1240P ) (Bạc) - Demo,HP,laptop,11490000.0,22290000.0,10800000.0,48.0,,,,phongvu,2026-09-21
468527,221101138,Laptop cũ Dell Vostro 14 3400 (YX51W5) (i5-1135G7) (Đen) - Đã sử dụng,Dell,laptop,7990000.0,18990000.0,11000000.0,58.0,,,,phongvu,2026-09-21
468528,221101139,Laptop cũ HP 240 G8 (617L4PA) (i5-1135G7) (Bạc) - Đã sử dụng,HP,laptop,7990000.0,17490000.0,9500000.0,54.0,,,,phongvu,2026-09-21
504990,230300348,Laptop cũ MSI Bravo 15 B5DD-276VN (AMD Ryzen 5 5600H) (Đen) - Hàng trưng bày,Msi,laptop,17990000.0,17990000.0,0.0,0.0,,,,phongvu,2026-09-21
512788,230402640,Laptop cũ Acer Swift 3 SF314-511-55QE (NX.ABNSV.003) (i5-1135G7) (Bạc) - Demo,Acer,laptop,10490000.0,23790000.0,13300000.0,56.0,,,,phongvu,2026-09-21
518251,230700540,Laptop cũ Gigabyte U4 UD-50S1823SO (i5-1155G7) (Đen) - Demo,Gigabyte,laptop,6990000.0,17490000.0,10500000.0,60.0,,,,phongvu,2026-09-21
589797,241101675,Laptop Msi Stealth A16 AI+ A3XVGG - 208VN (Ryzen AI 9 HX 370/ GeForce RTX™ 4070/ 32GB/ 2TB/ Win 11 Home),Msi,laptop,68990000.0,72490000.0,3500000.0,5.0,,,,phongvu,2026-09-21
616759,250201008,"Laptop Lenovo IdeaPad Slim 3 14IRH10 - 83K0004JVN (i5-13420H/ 16GB/ 512GB/ Win 11 Home SL, English)",Lenovo,laptop,20990000.0,20990000.0,0.0,0.0,,,,phongvu,2026-09-21
628302,250308176,Laptop cũ Acer Swift Edge SFA16-41-R3L6 (NX.KABSV.002) (AMD Ryzen 7 6800U) (Xanh) - Demo,Acer,laptop,15490000.0,39990000.0,24500000.0,61.0,,,,phongvu,2026-09-21
629004,250308877,Laptop Acer Aspire 5 A515-58P-9841 (i9-13900H/ 16GB/ 512GB/ Win 11 Home SL),Acer,laptop,21690000.0,22690000.0,1000000.0,4.0,,,,phongvu,2026-09-21
632598,250400647,Laptop HP OmniBook X 14-fe1010QU - B53KBPA (Snapdragon X1P 42 100/ 16GB/ 512GB/ Win 11 Home SL + Office),HP,laptop,31490000.0,31990000.0,500000.0,2.0,,,,phongvu,2026-09-21
641641,250409681,Laptop Acer Nitro Lite 16 NL16-71G-56WQ (i5-13420H/ GeForce RTX™ 3050/ 16GB/ 512GB/ Win 11 Home SL),Acer,laptop,29590000.0,29590000.0,0.0,0.0,,,,phongvu,2026-09-21
646217,250414090,Laptop Asus ExpertBook B3405CCA-LY0077W (Ultra 5-225H/ 16GB/ 512GB/ Win 11 Home),Asus,laptop,25890000.0,29490000.0,3600000.0,12.0,,,,phongvu,2026-09-21
646221,250414094,Laptop Acer Aspire 14 AI A14-52M-71YQ (Ultra 7-256V/ 16GB/ 1TB/ Win 11 Home SL),Acer,laptop,27090000.0,27990000.0,900000.0,3.0,,,,phongvu,2026-09-21
647858,250415718,Laptop cũ Acer Swift 3 SF314-512-56QN (NX.K0FSV.002) (i5-1240P) (Bạc) - Demo,Acer,laptop,14990000.0,24790000.0,9800000.0,40.0,,,,phongvu,2026-09-21
666265,250512246,Laptop Gigabyte Gaming A16 CMHI2VN893SH (i7-13620H/ GeForce RTX™ 4050/ 16GB/ 512GB/ Win 11 Home SL),Gigabyte,laptop,33990000.0,33990000.0,0.0,0.0,,,,phongvu,2026-09-21
673058,250517378,Laptop Asus Vivobook S S3407CA-LY096WS (Ultra 7-255H/ 16GB/ 512GB/ Win 11 Home + Office + Microsoft),Asus,laptop,27890000.0,30990000.0,3100000.0,10.0,,,,phongvu,2026-09-21
715435,250637377,Laptop Asus Gaming V16 V3607VH-RP024W (Core 5 210H/ GeForce RTX™ 5050/ 16GB/ 512GB/ Win 11 Home),Asus,laptop,28490000.0,28490000.0,0.0,0.0,,,,phongvu,2026-09-21
719814,250640718,Laptop Lenovo ThinkPad X9-14 Gen 1 - 21QA006KVN (Ultra 7-258V/ 32GB/ 1TB/ Win 11 Pro),Lenovo,laptop,55990000.0,59490000.0,3500000.0,6.0,,,,phongvu,2026-09-21
719821,250640725,Laptop Lenovo ThinkPad X9-14 Gen 1 - 21QA006LVN (Ultra 7-258V/ 32GB/ 1TB/ Win 11 Pro),Lenovo,laptop,61990000.0,63490000.0,1500000.0,2.0,,,,phongvu,2026-09-21
719828,250640733,Laptop Dell Inspiron 5441 - 5MNK1 (Snapdragon X1P 64 100/ 16GB/ 512GB/ Win 11 Home SL + Office),Dell,laptop,28990000.0,30190000.0,1200000.0,4.0,,,,phongvu,2026-09-21
722302,250643177,Laptop Msi Venture A15 AI A2HMG-003VN (Ryzen 7 260/ 16GB/ 512GB/ Win 11 Home SEA),Msi,laptop,22490000.0,22490000.0,0.0,0.0,,,,phongvu,2026-09-21
722301,250643178,Laptop Msi Katana 15 HX B14WEK-027VN (i7-14650HX/ GeForce RTX™ 5050/ 32GB/ 512GB/ Win 11 Home),Msi,laptop,44990000.0,49990000.0,5000000.0,10.0,,,,phongvu,2026-09-21
724633,250645445,laptop Dell XPS13 9340 - HXRGT (Ultra 7-155H) (Bạc) - Đã sử dụng,Dell,laptop,34990000.0,60990000.0,26000000.0,43.0,,,,phongvu,2026-09-21
755363,250716126,Laptop Msi Katana B14WEK-286VN (i5-14450HX/ GeForce RTX™ 5050/ 16GB/ 512GB/ Win 11 Home),Msi,laptop,38990000.0,41990000.0,3000000.0,7.0,,,,phongvu,2026-09-21
755383,250716146,Laptop Asus Vivobook 14 X1404VA-EB509W (i3-1315U/ 8GB/ 512GB/ Win 11 Home),Asus,laptop,15990000.0,18990000.0,3000000.0,16.0,,,,phongvu,2026-09-21
759277,250719798,Laptop HP Omnibook 5 16-af1048TU - BZ7Q9PA (Ultra 5-225U/ 16GB/ 512GB/ Win 11 Home SL + Office),HP,laptop,26490000.0,31590000.0,5100000.0,16.0,,,,phongvu,2026-09-21
759342,250719864,Laptop Asus Vivobook S14 S3407QA-SF043WS (Snapdragon X X1 26 100/ 16GB/ 512GB/ Win 11 Home + Office + Microsoft),Asus,laptop,23390000.0,25990000.0,2600000.0,10.0,,,,phongvu,2026-09-21
759355,250719877,Laptop Asus Vivobook S16 S3607QA-SH040WS (Snapdragon X X1 26 100/ 16GB/ 512GB/ Win 11 Home + Office + Microsoft),Asus,laptop,23490000.0,23490000.0,0.0,0.0,,,,phongvu,2026-09-21
759364,250719886,Laptop HP Victus 15-fb3116AX - BX8U4PA (Ryzen 7 7445HS/ GeForce RTX™ 3050/ 16GB/ 512GB/ Win 11 Home),HP,laptop,27490000.0,29490000.0,2000000.0,7.0,,,,phongvu,2026-09-21
762657,250800189,Laptop Acer Nitro ProPanel ANV15-52-59AA (Core i5-13420H/ GeForce RTX™ 5050/ 16GB/ 512GB/ Win 11 Home SL),Acer,laptop,31990000.0,41990000.0,10000000.0,24.0,,,,phongvu,2026-09-21
763965,250801472,Laptop HP Victus 15 fa2731TX (B85LNPA) (i5-13420H/ GeForce RTX™ 3050/ 16GB/ 512GB/ Win 11 Home SL),HP,laptop,25990000.0,30990000.0,5000000.0,16.0,,,,phongvu,2026-09-21
765771,250803168,Laptop Acer Nitro ProPanel ANV15-41-R7CR (Ryzen 5 7535HS/ GeForce RTX™ 4050/ 16GB/ 512GB/ Win 11 Home SL),Acer,laptop,27490000.0,32990000.0,5500000.0,17.0,,,,phongvu,2026-09-21
765814,250803209,Laptop Lenovo ThinkPad X9-15 Gen 1 - 21Q6004YVN (Ultra 5-226V/ 16GB/ 1TB/ Win 11 Pro),Lenovo,laptop,49990000.0,53890000.0,3900000.0,7.0,,,,phongvu,2026-09-21
765850,250803244,"Laptop Lenovo LOQ 15IRX9 - 83DV01ALVN (i7-13650HX/ GeForce RTX™ 4050/ 16GB/ 512GB/ Win 11 Home SL, English)",Lenovo,laptop,33990000.0,48990000.0,15000000.0,31.0,,,,phongvu,2026-09-21
767015,250804402,Laptop cũ MSI Sword 16 HX B14VFKG-045VN (i7-14700HX) (Xám) - Demo,Msi,laptop,39990000.0,39990000.0,0.0,0.0,,,,phongvu,2026-09-21
767101,250804488,Laptop cũ MSI Sword 16 HX B14VFKG-045VN (i7-14700HX) (Xám) - Đã kích hoạt,Msi,laptop,39990000.0,39990000.0,0.0,0.0,,,,phongvu,2026-09-21
767291,250804678,Laptop cũ Acer Swift Lite 14 SFL14-51M-56HS (Ultra 5-125U) (Bạc) - Đã kích hoạt,Acer,laptop,14990000.0,19690000.0,4700000.0,24.0,,,,phongvu,2026-09-21
767359,250804746,Laptop cũ HP Pavilion 15-eg3093TU (8C5L4PA) (i5-1335U) (Vàng) - Đã sử dụng,HP,laptop,12990000.0,21290000.0,8300000.0,39.0,,,,phongvu,2026-09-21
767371,250804758,Laptop cũ Acer Swift Lite 14 SFL14-51M-56HS (Ultra 5-125U) (Bạc) - Đã kích hoạt,Acer,laptop,15490000.0,19690000.0,4200000.0,21.0,,,,phongvu,2026-09-21
767386,250804766,Laptop cũ HP Envy X360 14-fa0047AU - A19BPPA (AMD Ryzen 7 8840HS) (Bạc) - Đã sử dụng,HP,laptop,21990000.0,33990000.0,12000000.0,35.0,,,,phongvu,2026-09-21
772401,250809136,Laptop Dell 15 DC15255 - X9YM41 (Ryzen 7 7730U/ 16GB/ 1TB/ Win 11 Home SL + Office),Dell,laptop,22990000.0,23990000.0,1000000.0,4.0,,,,phongvu,2026-09-21
773076,250900507,Laptop Acer Nitro ProPanel ANV16S-61-R0B8 (Ryzen AI 5 340/ GeForce RTX™ 5050/ 16GB/ 512GB/ Win 11 Home SL),Acer,laptop,42990000.0,42990000.0,0.0,0.0,,,,phongvu,2026-09-21
775160,250902465,Laptop HP OmniBook 5 16-ag1067AU - BZ7U5PA (Ryzen AI 7 350/ 16GB/ 512GB/ Win 11 Home + Office + Microsoft),HP,laptop,26490000.0,33990000.0,7500000.0,22.0,,,,phongvu,2026-09-21
775161,250902466,Laptop HP OmniBook 7 Aero 13-bg1087AU - BZ7S1PA (Ryzen AI 5 340/ 16GB/ 512GB/ Win 11 Home + Office + Microsoft),HP,laptop,28990000.0,29790000.0,800000.0,3.0,,,,phongvu,2026-09-21
775164,250902468,Laptop Asus ExpertBook P5 P5405CSA-NZ0016W (Ultra 5-226V/ 16GB/ 512GB/ Win 11 Home),Asus,laptop,29990000.0,30990000.0,1000000.0,3.0,,,,phongvu,2026-09-21
775170,250902473,Laptop HP OmniBook 7 14-fr0033TU - C1MN2PA (Ultra 5-225U/ 16GB/ 512GB/ Win 11 Home + Office + Microsoft),HP,laptop,27490000.0,30990000.0,3500000.0,11.0,,,,phongvu,2026-09-21
775171,250902474,Laptop HP OmniBook 7 Aero 13-bg1083AU - BZ7R9PA (Ryzen AI 7 350/ 32GB/ 512GB/ Win 11 Home + Office + Microsoft),HP,laptop,35990000.0,37190000.0,1200000.0,3.0,,,,phongvu,2026-09-21
775175,250902478,Laptop HP OmniBook 7 Aero 13-bg1085AU - BZ7U6PA (Ryzen AI 7 350/ 16GB/ 512GB/ Win 11 Home + Office + Microsoft),HP,laptop,31490000.0,33190000.0,1700000.0,5.0,,,,phongvu,2026-09-21
776757,250904062,Laptop cũ Asus TUF Gaming A14 FA401WV-RG062WS (AMD Ryzen AI 9 HX 370) (Xám) - Demo,Asus,laptop,44990000.0,44990000.0,0.0,0.0,,,,phongvu,2026-09-21
776864,250904169,Laptop Asus ROG Strix G16 G615LR-S5238W (Core Ultra 7-255HX) (Xám) - Đã kích hoạt,Asus,laptop,58990000.0,58990000.0,0.0,0.0,,,,phongvu,2026-09-21
776943,250904247,Laptop cũ Acer Aspire 5 A514-56P-55K5 (NX.KHRSV.003) (i5-1335U) (Xám) - Đã kích hoạt,Acer,laptop,10990000.0,16990000.0,6000000.0,35.0,,,,phongvu,2026-09-21
780986,250908221,Laptop Dell 15 DC15250 - CPH997 (i7-1355U/ 16GB/ 1TB/ Win 11 Home SL + Office),Dell,laptop,24990000.0,27490000.0,2500000.0,9.0,,,,phongvu,2026-09-21
780994,250908233,Laptop Acer Nitro ProPanel AN16S-61-R5F4 (Ryzen AI 7 350/ GeForce RTX™ 5060/ 16GB/ 512GB/ Win 11 Home SL),Acer,laptop,46990000.0,50990000.0,4000000.0,8.0,,,,phongvu,2026-09-21
784534,250911676,Laptop Lenovo LOQ 15IRX10 - 83JE00PEVN (i7-13650HX/ GeForce RTX™ 5050/ 16GB/ 512GB/ Win 11 Home),Lenovo,laptop,39990000.0,46990000.0,7000000.0,15.0,,,,phongvu,2026-09-21
788539,251001972,Laptop Dell 16 DC16250 - C7U161W11BLU (Core 7 150U/ 16GB/ 1TB/ Win 11 Home + Office + Microsoft),Dell,laptop,30990000.0,30990000.0,0.0,0.0,,,,phongvu,2026-09-21
788558,251001992,Laptop Dell 16 DC16251 - DC6C7557W1 (Core 7 150U/ GeForce MX570A/ 16GB/ 1TB/ Win 11 Home + Office + Microsoft),Dell,laptop,31990000.0,35990000.0,4000000.0,11.0,,,,phongvu,2026-09-21
788565,251001999,Laptop Dell 16 Plus DB16250 - DB6U5387W1 (Ultra 5-226V/ 16GB/ 1TB/ Win 11 Home + Office + Microsoft),Dell,laptop,33990000.0,37990000.0,4000000.0,11.0,,,,phongvu,2026-09-21
788575,251002010,Laptop HP OmniBook 5 AI 16-af1054TU - C1MN8PA (Ultra 7-255U/ 32GB/ 512GB/ Win 11 Home SL + Office),HP,laptop,31690000.0,39990000.0,8300000.0,21.0,,,,phongvu,2026-09-21
788581,251002014,Laptop HP OmniBook 5 AI 16-af1052TU - C1MN6PA (Ultra 7-255U/ 32GB/ 512GB/ Win 11 Home SL + Office),HP,laptop,31490000.0,40990000.0,9500000.0,23.0,,,,phongvu,2026-09-21
788585,251002018,Laptop HP OmniBook X Flip 14-fm0076TU - BZ7P6PA (Ultra 7-258V/ 32GB/ 512GB/ Win 11 Home SL + Office),HP,laptop,44990000.0,45990000.0,1000000.0,2.0,,,,phongvu,2026-09-21
788717,251002166,Laptop MSI Prestige 13 Evo A13M - 081VN ( i7-1360P) (Xám) - Đã kích hoạt,Msi,laptop,22990000.0,33990000.0,11000000.0,32.0,,,,phongvu,2026-09-21
788798,251002247,Laptop Acer Aspire 14 AI A14-52M-585Y (Core Ultra 5-226V) (Xám) - Đã kích hoạt,Acer,laptop,24590000.0,24590000.0,0.0,0.0,,,,phongvu,2026-09-21
788801,251002250,Laptop Acer Swift 14 AI OLED SF14-51-53P9 (Ultra 5-226V) (Xanh) - Đã kích hoạt,Acer,laptop,24990000.0,34390000.0,9400000.0,27.0,,,,phongvu,2026-09-21
800642,251012466,Laptop Msi Cyborg 15 A13UC-2082VN (i7-13620H/ GeForce RTX™ 3050/ 16GB/ 512GB/ Win 11 Home SEA),Msi,laptop,27990000.0,30690000.0,2700000.0,9.0,,,,phongvu,2026-09-21
800654,251012474,Laptop Dell 15 DC15250 - CPH99 (i5-1334U/ 16GB/ 512GB/ Win 11 Home SL + Office),Dell,laptop,21990000.0,22490000.0,500000.0,2.0,,,,phongvu,2026-09-21
801032,251012819,Laptop HP ProBook 4 G1i - BQ5B4PT (Ultra 5-225H/ 16GB/ 512GB/ Win 11 Home SL),HP,laptop,30990000.0,36390000.0,5400000.0,15.0,,,,phongvu,2026-09-21
807326,251017439,Laptop Acer Gaming Nitro V 15 - ANV15-41-R732 (Ryzen 5 6600H/ GeForce RTX™ 4050/ 16GB/ 512GB/ Win 11 Home SL),Acer,laptop,28990000.0,31990000.0,3000000.0,9.0,,,,phongvu,2026-09-21
809533,251019398,Laptop Dell Pro 14 Plus PB14250-235U-16512W (U5-235U vPro/ 16GB/ 512GB/ Win 11 Home SL),Dell,laptop,35290000.0,35290000.0,0.0,0.0,,,,phongvu,2026-09-21
811358,251100594,Laptop HP Pavilion 15-eg3093TU (8C5L4PA) (i5-1335U) (Vàng) - Demo,HP,laptop,12990000.0,21290000.0,8300000.0,39.0,,,,phongvu,2026-09-21
811361,251100597,Laptop Asus Zenbook 14 UM3406KA-PP555WS (AMD Ryzen AI 7 350) (Đen) - Demo,Asus,laptop,31990000.0,31990000.0,0.0,0.0,,,,phongvu,2026-09-21
811454,251100690,Laptop Acer Aspire Lite 14 - AL14-52M-32KV (i3-1305U) (Xám) - Đã kích hoạt,Acer,laptop,7490000.0,11290000.0,3800000.0,34.0,,,,phongvu,2026-09-21
811462,251100698,Laptop Acer Swift Lite 14 SFL14-51M-56HS (Ultra 5-125U) (Bạc) - Đã kích hoạt,Acer,laptop,14990000.0,19690000.0,4700000.0,24.0,,,,phongvu,2026-09-21
811485,251100721,Laptop Acer Nitro Lite 16 NL16-71G-71UJ (i7-13620H) (Trắng) - Đã sử dụng,Acer,laptop,23590000.0,23590000.0,0.0,0.0,,,,phongvu,2026-09-21
811497,251100733,Laptop HP Victus 16-s0140AX - 9Q987PA (AMD Ryzen 7 7840HS) (Đen) - Demo,HP,laptop,24990000.0,35890000.0,10900000.0,30.0,,,,phongvu,2026-09-21
811695,251100923,Laptop Msi Cyborg 15 A13UC-2088VN (i5-13420H/ GeForce RTX™ 3050/ 16GB/ 512GB/ Win 11 Home),Msi,laptop,25990000.0,29690000.0,3700000.0,12.0,,,,phongvu,2026-09-21
811698,251100924,Laptop Msi Cyborg 15 B13WFKG-658VN (Core i7-13620H/ GeForce RTX™ 5060/ 16GB/ 1TB/ Win 11 Home),Msi,laptop,35990000.0,40490000.0,4500000.0,11.0,,,,phongvu,2026-09-21
811697,251100926,Laptop Msi Cyborg 15 B13WEKG-676VN (i5-13420H/ GeForce RTX™ 5050/ 16GB/ 512GB/ Win 11 Home),Msi,laptop,31990000.0,37490000.0,5500000.0,15.0,,,,phongvu,2026-09-21
815145,251104418,Laptop HP EliteBook 6 G1i 13 - BQ9M6PT (Ultra 7-255U/ 16GB/ 512GB/ Win 11 Home),HP,laptop,35990000.0,38990000.0,3000000.0,8.0,,,,phongvu,2026-09-21
817201,251106306,Laptop Gigabyte Gaming A16 CTHH3VN893SH (i5-13420H/ GeForce RTX™ 5050/ 16GB/ 512GB/ Win 11 Home SL),Gigabyte,laptop,33990000.0,36990000.0,3000000.0,8.0,,,,phongvu,2026-09-21
817204,251106310,Laptop Gigabyte Gaming A16 CVHI3VNC94SH (i7-13620H/ GeForce RTX™ 5060/ 16GB/ 1TB/ Win 11 Home SL),Gigabyte,laptop,39990000.0,42990000.0,3000000.0,7.0,,,,phongvu,2026-09-21
818400,251107244,Laptop Lenovo LOQ Essential 15IRX11 - 83SC003RVN (i5-13450HX/ GeForce RTX™ 5050/ 16GB/ 512GB/ Win 11 Home SL),Lenovo,laptop,38590000.0,42990000.0,4400000.0,10.0,,,,phongvu,2026-09-21
818414,251107254,Laptop Acer Nitro ProPanel ANV16S-41-R337 (Ryzen 7 260/ GeForce RTX™ 5050/ 16GB/ 1TB/ Win 11 Home SL),Acer,laptop,42590000.0,43990000.0,1400000.0,3.0,,,,phongvu,2026-09-21
820541,251109448,Laptop HP 15-fd0823TU - C81NMPA (i7-1355U/ 16GB/ 512GB/ Win 11 Home),HP,laptop,22990000.0,24490000.0,1500000.0,6.0,,,,phongvu,2026-09-21
820547,251109453,Laptop HP OmniBook 5 Flip 14-fp0057TU - BZ7Q6PA (Core 5 120U/ 16GB/ 512GB/ Win 11 Home SL + Office),HP,laptop,27990000.0,31590000.0,3600000.0,11.0,,,,phongvu,2026-09-21
820548,251109456,Laptop HP OmniBook 5 Flip 14-fp0055TU - BZ7Q4PA (Core 7 150U/ 24GB/ 512GB/ Win 11 Home SL + Office),HP,laptop,36990000.0,36990000.0,0.0,0.0,,,,phongvu,2026-09-21
820550,251109457,Laptop HP Victus 15 fa2732TX - B85LPPA (i5-13420H/ GeForce RTX™ 4050/ 16GB/ 512GB/ Win 11 Home SL),HP,laptop,29990000.0,31990000.0,2000000.0,6.0,,,,phongvu,2026-09-21
824406,251113271,Laptop Lenovo Ideapad Slim 5 14AKP10 - 83HX00ABVN (Ryzen AI 5 330/ 16GB/ 512GB/ Win 11 Home SL),Lenovo,laptop,23990000.0,30990000.0,7000000.0,23.0,,,,phongvu,2026-09-21
824662,251113506,Laptop Acer Swift Edge 14 AI SFE14-51T-52KD (Ultra 5-228V/ 32GB/ 512GB/ Win 11 Home SL),Acer,laptop,41990000.0,42990000.0,1000000.0,2.0,,,,phongvu,2026-09-21
828040,251202421,Laptop Acer Predator Triton 14 AI PT14-52T-99TU (Ultra 9-288V/ GeForce RTX™ 5070/ 32GB/ 2TB/ Win 11 Home SL),Acer,laptop,91990000.0,95990000.0,4000000.0,4.0,,,,phongvu,2026-09-21
829451,251203613,Laptop Asus Vivobook S S3407CA-LY095WS (Core Ultra 5-225H) (Xám) - Đã kích hoạt,Asus,laptop,19190000.0,22490000.0,3300000.0,15.0,,,,phongvu,2026-09-21
829471,251203633,Laptop Dell Inspiron 14 5440 - N4I7204W1 (Core 7-150U) (Xanh) - Đã kích hoạt,Dell,laptop,20990000.0,26490000.0,5500000.0,21.0,,,,phongvu,2026-09-21
829491,251203653,Laptop Acer Aspire Lite 15 AL15-41P-R3U5 (AMD Ryzen 7-5700U) (Bạc) - Đã kích hoạt,Acer,laptop,10790000.0,12790000.0,2000000.0,16.0,,,,phongvu,2026-09-21
829515,251203677,Laptop MSI Katana 15 B13UDXK-2410VN ( i5-13420H) (Đen) - Đã kích hoạt,Msi,laptop,23990000.0,23990000.0,0.0,0.0,,,,phongvu,2026-09-21
829530,251203692,Laptop Lenovo LOQ 15IRX9 - 83DV013PVN (i5-13450HX) (Xám) - Đã kích hoạt,Lenovo,laptop,25990000.0,25990000.0,0.0,0.0,,,,phongvu,2026-09-21
829535,251203697,Laptop Lenovo LOQ 15IRX9 - 83DV013PVN (i5-13450HX) (Xám) - Đã kích hoạt,Lenovo,laptop,25990000.0,25990000.0,0.0,0.0,,,,phongvu,2026-09-21
829552,251203714,Laptop HP 15s-fq5228TU - 8U240PA (i3-1215U) (Xanh) - Đã sử dụng,HP,laptop,8790000.0,11990000.0,3200000.0,27.0,,,,phongvu,2026-09-21
829685,251203847,Laptop MSI Sword 16 HX B14VFKG-045VN (i7-14700HX) (Xám) - Demo,Msi,laptop,39990000.0,39990000.0,0.0,0.0,,,,phongvu,2026-09-21
829704,251203866,Laptop MSI Prestige 13 AI Evo A1MG-062VN (Ultra 7 155H) (Xám) - Demo,Msi,laptop,24990000.0,33990000.0,9000000.0,26.0,,,,phongvu,2026-09-21
829722,251203884,Laptop MSI Cyborg 15 AI A1VEK-053VN (Ultra 7 155H) (Đen) - Demo,Msi,laptop,22990000.0,30990000.0,8000000.0,26.0,,,,phongvu,2026-09-21
829751,251203913,Laptop MSI Cyborg 15 AI A1VEK-053VN (Ultra 7 155H) (Đen) - Demo,Msi,laptop,30990000.0,30990000.0,0.0,0.0,,,,phongvu,2026-09-21
829757,251203919,Laptop MSI Prestige 13 AI Evo A1MG-062VN (Ultra 7 155H) (Xám) - Demo,Msi,laptop,22990000.0,33990000.0,11000000.0,32.0,,,,phongvu,2026-09-21
829761,251203923,Laptop MSI Cyborg 15 AI A1VEK-053VN (Ultra 7 155H) (Đen) - Demo,Msi,laptop,30990000.0,30990000.0,0.0,0.0,,,,phongvu,2026-09-21
829763,251203925,Laptop MSI Sword 16 HX B14VFKG-045VN (i7-14700HX) (Xám) - Demo,Msi,laptop,39990000.0,39990000.0,0.0,0.0,,,,phongvu,2026-09-21
829820,251203982,Laptop Acer Swift 14 AI OLED SF14-51-75VP (Ultra 7-258V) (Xanh) - Đã kích hoạt,Acer,laptop,27990000.0,39290000.0,11300000.0,29.0,,,,phongvu,2026-09-21
829827,251203989,Laptop Acer Swift 14 AI OLED SF14-51-53P9 (Ultra 5-226V) (Xanh) - Đã kích hoạt,Acer,laptop,24990000.0,34390000.0,9400000.0,27.0,,,,phongvu,2026-09-21
832141,251206294,Laptop Dell 14 DC14250 DC4C5386W (Core 5 120U/ 16GB/ 512GB/ Win 11 Home SL + Office),Dell,laptop,24990000.0,28990000.0,4000000.0,14.0,,,,phongvu,2026-09-21
833426,251207551,Laptop Acer Aspire 7 A715-59G-55MD (i5-13420H/ GeForce RTX™ 3050/ 16GB/ 512GB/ Win 11 Home SL),Acer,laptop,24990000.0,27990000.0,3000000.0,11.0,,,,phongvu,2026-09-21
833436,251207558,Laptop Acer Aspire 7 A715-59G-78WG (i7-13620H/ GeForce RTX™ 3050/ 16GB/ 512GB/ Win 11 Home SL),Acer,laptop,26990000.0,29990000.0,3000000.0,10.0,,,,phongvu,2026-09-21
833439,251207559,Laptop Acer Nitro ProPanel AN16S-61-R193 (Ryzen AI 9 365/ GeForce RTX™ 5070/ 16GB/ 512GB/ Win 11 Home SL),Acer,laptop,57990000.0,59990000.0,2000000.0,3.0,,,,phongvu,2026-09-21
834866,251208700,Laptop Msi Prestige 14 AI+ Evo C2VMG-020VN (Ultra 7-258V/ 32GB/ 1TB/ Win 11 Home),Msi,laptop,34490000.0,35990000.0,1500000.0,4.0,,,,phongvu,2026-09-21
834867,251208701,Laptop Msi Modern 15 H AI C2HMG-220VN (Ultra 7-255H/ 16GB/ 512GB/ Win 11 Home SL),Msi,laptop,22490000.0,23990000.0,1500000.0,6.0,,,,phongvu,2026-09-21
834868,251208702,Laptop Msi Modern 15 H C2RMG-287VN (Core 7 240H/ 16GB/ 1TB/ Win 11 Home SL),Msi,laptop,20990000.0,24990000.0,4000000.0,16.0,,,,phongvu,2026-09-21
837900,251211508,Laptop Dell 14 DC14255-R7165W11SLU (Ryzen 7 250/ 16GB/ 512GB/ Win 11 Home + Office + Microsoft),Dell,laptop,25490000.0,27490000.0,2000000.0,7.0,,,,phongvu,2026-09-21
840016,260101199,Laptop Dell 14 DC14250 - F0FTK5 (Core 5 120U/ 16GB/ 1TB/ Win 11 Home + Office),Dell,laptop,25990000.0,27990000.0,2000000.0,7.0,,,,phongvu,2026-09-21
840015,260101201,Laptop Dell 16 Plus DB16250 - X65NW7 (Ultra 7-256V/ 16GB/ 1TB/ Win 11 Home + Office),Dell,laptop,41290000.0,42990000.0,1700000.0,4.0,,,,phongvu,2026-09-21
840014,260101203,Laptop Dell 14 DC14250 -  F0FTK7 (Core 7 150U/ GeForce MX570A/ 16GB/ 512GB/ Win 11 Home + Office),Dell,laptop,28990000.0,30990000.0,2000000.0,6.0,,,,phongvu,2026-09-21
840876,260102037,Laptop Asus Vivobook 15 M1502NAQ-BQ031W (Ryzen 7 170/ 16GB/ 512GB/ Windows 11 Home),Asus,laptop,20490000.0,21690000.0,1200000.0,6.0,,,,phongvu,2026-09-21
840916,260102080,Laptop Asus Vivobook 14 X1404VA-EB355W (Core 7 150U/ 16GB/ 512GB/ Win 11 Home),Asus,laptop,21490000.0,25990000.0,4500000.0,17.0,,,,phongvu,2026-09-21
840924,260102090,Laptop Asus Gaming V16 V3607VJ-RP071W (Core 5 210H/ GeForce RTX™ 3050/ 16GB/ 512GB/ Win 11 Home),Asus,laptop,25990000.0,29990000.0,4000000.0,13.0,,,,phongvu,2026-09-21
840939,260102100,Laptop Asus Vivobook 14 M1407GA-LY270W (Ryzen AI 7 445/ 16GB/ 512GB/ Windows 11 Home),Asus,laptop,24190000.0,26990000.0,2800000.0,10.0,,,,phongvu,2026-09-21
844008,260105198,Laptop HP OmniBook 7 Aero 13-bg1085AU - BZ7U6PA (AMD Ryzen Al 7 350) (Bạc) - Đã kích hoạt,HP,laptop,31190000.0,31190000.0,0.0,0.0,,,,phongvu,2026-09-21
844025,260105215,Laptop Asus ExpertBook P1 P1403CVA-S61134W (i5-13420H) (Xám) - Đã sử dụng,Asus,laptop,14490000.0,15990000.0,1500000.0,9.0,,,,phongvu,2026-09-21
844060,260105250,Laptop HP OmniBook 7 14-fr0033TU - C1MN2PA (Core Ultra 5-225U) (Bạc) - Đã kích hoạt,HP,laptop,22490000.0,25290000.0,2800000.0,11.0,,,,phongvu,2026-09-21
844062,260105252,Laptop HP Victus 16-R0302TX - AE0N9PA (I5-13500HX) (Đen) - Đã kích hoạt,HP,laptop,32290000.0,32290000.0,0.0,0.0,,,,phongvu,2026-09-21
844071,260105261,Laptop Acer Nitro Lite 16 NL16-71G-71UJ (i7-13620H) (Trắng) - Đã kích hoạt,Acer,laptop,24590000.0,24590000.0,0.0,0.0,,,,phongvu,2026-09-21
844149,260105339,Laptop Acer Nitro V 16 ProPanel ANV16-41-R36Y (AMD Ryzen™ 7 8845HS) (Đen) - Đã kích hoạt,Acer,laptop,30490000.0,31490000.0,1000000.0,3.0,,,,phongvu,2026-09-21
844304,260105494,Laptop HP Victus 16-r0298TX - AE0N5PA (i5-13500HX) (Đen) - Đã kích hoạt,HP,laptop,24990000.0,35290000.0,10300000.0,29.0,,,,phongvu,2026-09-21
844311,260105501,Laptop Lenovo Legion Pro 5 16IAX10 - 83F3002GVN (Core Ultra 9-275HX) (Đen) - Đã kích hoạt,Lenovo,laptop,59990000.0,66990000.0,7000000.0,10.0,,,,phongvu,2026-09-21
844314,260105504,Laptop Acer Gaming Nitro V ProPanel ANV15-52-59AA (i5-13420H) (Đen) - Đã sử dụng,Acer,laptop,30990000.0,30990000.0,0.0,0.0,,,,phongvu,2026-09-21
844315,260105505,Laptop Asus ROG Zephyrus G14 GA403WM-QS058WS (AMD Ryzen AI 9 HX 370) (Trắng) - Đã sử dụng,Asus,laptop,58990000.0,58990000.0,0.0,0.0,,,,phongvu,2026-09-21
844326,260105516,Laptop HP 240 G9 - AG2J7AT (i5-1235U) (Bạc) - Demo,HP,laptop,12990000.0,19790000.0,6800000.0,34.0,,,,phongvu,2026-09-21
844435,260105625,Laptop Asus Vivobook S S3407CA-LY095WS (Core Ultra 5-225H) (Xám) - Demo,Asus,laptop,18990000.0,23990000.0,5000000.0,21.0,,,,phongvu,2026-09-21
844450,260105640,Laptop HP Victus 15-fb1023AX - 94F20PA (AMD Ryzen 5 7535HS) (Bạc) - Demo,HP,laptop,13990000.0,24490000.0,10500000.0,43.0,,,,phongvu,2026-09-21
844454,260105644,Laptop Asus Vivobook S S3407CA-LY095WS (Core Ultra 5-225H) (Xám) - Demo,Asus,laptop,18990000.0,23990000.0,5000000.0,21.0,,,,phongvu,2026-09-21
844490,260105680,Laptop Asus Vivobook 15 X1504VA-BQ265W (Core 5 120U/ 16GB/ 512GB/ Win 11 Home),Asus,laptop,19590000.0,22990000.0,3400000.0,15.0,,,,phongvu,2026-09-21
844497,260105689,Laptop Asus Vivobook 16 X1607CA-MB980W (Ultra 5-225H/ 16GB/ 512GB/ Windows 11 Home SL),Asus,laptop,22190000.0,25990000.0,3800000.0,15.0,,,,phongvu,2026-09-21
844515,260105706,Laptop Acer Aspire Go 15 AG15-72P-54GY (Core 5 120U/ 16GB/ 512GB/ Windows 11),Acer,laptop,19990000.0,24990000.0,5000000.0,20.0,,,,phongvu,2026-09-21
844523,260105713,Laptop Acer Nitro ProPanel ANV15-52-50VA (Core 5 210H/ GeForce RTX™ 3050/ 16GB/ 512GB/ Win 11 Home SL),Acer,laptop,29490000.0,33990000.0,4500000.0,13.0,,,,phongvu,2026-09-21
844530,260105720,Laptop Acer Nitro ProPanel ANV15-52-73Z8 (Core 7 240H/ GeForce RTX™ 4050/ 16GB/ 512GB/ Win 11 Home SL),Acer,laptop,35990000.0,37990000.0,2000000.0,5.0,,,,phongvu,2026-09-21
847838,260108963,Laptop MSI Cyborg 15 AI A1VEK-053VN (Ultra 7 155H) (Đen) - Demo,Msi,laptop,22990000.0,30990000.0,8000000.0,26.0,,,,phongvu,2026-09-21
847848,260108973,Laptop Acer Swift X 14 OLED SFX14-72G-77F9 (Ultra 7-155H) - Đã kích hoạt,Acer,laptop,33990000.0,44190000.0,10200000.0,23.0,,,,phongvu,2026-09-21
847850,260108975,Laptop Asus Vivobook S S3407CA-LY095WS (Core Ultra 5-225H) (Xám) - Demo,Asus,laptop,19990000.0,23990000.0,4000000.0,17.0,,,,phongvu,2026-09-21
847866,260108991,Laptop MSI Katana 15 HX B14WEK-027VN (i7-14650HX) (Đen) - Đã kích hoạt,Msi,laptop,38990000.0,42690000.0,3700000.0,9.0,,,,phongvu,2026-09-21
847888,260109013,Laptop Acer Nitro V 15 ProPanel ANV15-41-R7CR (AMD Ryzen 5-7535HS) (Đen) - Đã kích hoạt,Acer,laptop,25990000.0,26990000.0,1000000.0,4.0,,,,phongvu,2026-09-21
847920,260109045,Laptop HP 15s-fq5160TU (7C0S1PA) (i5-1235U) (Bạc) - Đã sử dụng,HP,laptop,13790000.0,19990000.0,6200000.0,31.0,,,,phongvu,2026-09-21
848798,260200472,Laptop Acer Nitro ProPanel ANV15-52-59RR (Core 5 210H/ GeForce RTX™ 5050/ 16GB/ 512GB/ Win 11 Home SL),Acer,laptop,31990000.0,42990000.0,11000000.0,26.0,,,,phongvu,2026-09-21
848808,260200477,Laptop Acer Nitro ProPanel ANV15-52-74UM (Core 7 240H/ GeForce RTX™ 3050/ 16GB/ 512GB/ Win 11 Home SL),Acer,laptop,32490000.0,38990000.0,6500000.0,17.0,,,,phongvu,2026-09-21
848813,260200481,Laptop Acer Nitro ProPanel ANV16-72-782F (Core 7 240H/ GeForce RTX™ 5050/ 16GB/ 512GB/ Windows 11 Home Single Language),Acer,laptop,40990000.0,42990000.0,2000000.0,5.0,,,,phongvu,2026-09-21
849470,260201135,Laptop Asus Vivobook S14 M3407GA-SF030W (Ryzen AI 7 445/ 16GB/ 512GB/ Windows 11 Home),Asus,laptop,27890000.0,30990000.0,3100000.0,10.0,,,,phongvu,2026-09-21
850778,260202421,Laptop Asus ExpertBook P1 P1503CVA-C5H16-63WS (Core 5 210H/ 16GB/ 512GB/ Win 11 Home + Office + Microsoft),Asus,laptop,22490000.0,26990000.0,4500000.0,17.0,,,,phongvu,2026-09-21
850781,260202422,Laptop Asus ExpertBook P1 P1403CVA-C5H16-63WS (Core 5 210H/ 16GB/ 512GB/ Win 11 Home + Office + Microsoft),Asus,laptop,24290000.0,26990000.0,2700000.0,10.0,,,,phongvu,2026-09-21
850780,260202424,Laptop Asus ExpertBook P5 P5405CSA-NZ0017W (Ultra 7-258V/ 32GB/ 1TB/ Win 11 Home),Asus,laptop,36990000.0,38990000.0,2000000.0,5.0,,,,phongvu,2026-09-21
850866,260202510,Laptop Dell 15 DC15250-CPH991 (i7-1355U/ 16GB/ 1TB/ Win 11 Home SL + Office),Dell,laptop,27490000.0,28290000.0,800000.0,3.0,,,,phongvu,2026-09-21
851577,260203204,Laptop Lenovo Ideapad Slim 3 16ARP10 - 83K8008WVN (Ryzen 7 7735HS/ 24GB/ 512GB/ Win 11 Home SL),Lenovo,laptop,23990000.0,23990000.0,0.0,0.0,,,,phongvu,2026-09-21
851580,260203208,Laptop Lenovo V14 G5 IRL - 83HD0035VN (Core 7 240H/ 16GB/ 512GB/ Windows 11 Home SL),Lenovo,laptop,26990000.0,32790000.0,5800000.0,18.0,,,,phongvu,2026-09-21
851611,260203236,Laptop Acer Aspire Go 14 AG14-72P-563L (Core 5 120U/ 16GB/ 512GB/ Windows 11 Home SL),Acer,laptop,19990000.0,20490000.0,500000.0,2.0,,,,phongvu,2026-09-21
852609,260204231,Laptop Dell Pro 14 Essential PV14250-150U-161TBW (Core 7 150U/ 16GB/ 1TB/ Windows 11 Home SL),Dell,laptop,31290000.0,32390000.0,1100000.0,3.0,,,,phongvu,2026-09-21
853555,260300867,Laptop Asus Expertbook B1 BM1403CDA-S61611W (Ryzen 5 150/ 16GB/ 512GB/ Windows 11 Home Single Language),Asus,laptop,19990000.0,21990000.0,2000000.0,9.0,,,,phongvu,2026-09-21
853651,260300963,Laptop MSI Prestige 13 AI Evo A1MG-062VN (Ultra 7 155H) (Xám) - Demo,Msi,laptop,22990000.0,36990000.0,14000000.0,38.0,,,,phongvu,2026-09-21
853732,260301044,Laptop MSI Cyborg 15 AI A1VEK-053VN (Ultra 7 155H) (Đen) - Demo,Msi,laptop,30990000.0,30990000.0,0.0,0.0,,,,phongvu,2026-09-21
853764,260301076,Laptop HP 14-ep1007TU - 9Z2W1PA (Core 7-150U) (Bạc) - Đã kích hoạt,HP,laptop,18990000.0,27990000.0,9000000.0,32.0,,,,phongvu,2026-09-21
853767,260301079,Laptop Asus TUF Gaming A14 FA401KM-RG010WS (AMD Ryzen AI 7 350) (Xám) - Đã kích hoạt,Asus,laptop,45190000.0,45190000.0,0.0,0.0,,,,phongvu,2026-09-21
853778,260301090,Laptop MSI Prestige 13 AI Evo A1MG-062VN (Ultra 7 155H) (Xám) - Demo,Msi,laptop,36990000.0,36990000.0,0.0,0.0,,,,phongvu,2026-09-21
853781,260301093,Laptop Lenovo ThinkPad T14s Gen 5 - 21LS0062VN (Ultra 7 155U) (Đen) - Demo,Lenovo,laptop,34990000.0,47190000.0,12200000.0,26.0,,,,phongvu,2026-09-21
854333,260301642,Laptop Asus Vivobook Go 14 E1404FA-EB935W (Ryzen 5 40/ 16GB/ 512GB/ Windows 11 Home),Asus,laptop,19490000.0,28490000.0,9000000.0,32.0,,,,phongvu,2026-09-21
854340,260301649,Laptop Asus TUF Gaming A16 FA607NUQ-RL007W (Ryzen 7 170/ GeForce RTX™ 4050/ 16GB/ 512GB/ Windows 11 Home),Asus,laptop,35990000.0,44490000.0,8500000.0,19.0,,,,phongvu,2026-09-21
854356,260301668,Laptop Acer Aspire Go 14 AG14-72P-34M4 (i3-1305U/ 8GB/ 512GB/ Windows 11 Home Single Language),Acer,laptop,13990000.0,14490000.0,500000.0,3.0,,,,phongvu,2026-09-21
854366,260301675,Laptop Acer Aspire Go 15 AG15-72P-776J (Core 7 150U/ 16GB/ 512GB/ Windows 11 Home SL),Acer,laptop,22990000.0,26990000.0,4000000.0,15.0,,,,phongvu,2026-09-21
854378,260301687,Laptop Acer Swift Go 14 AI SFG14-75-5264 (Ultra 5-226V/ 16GB/ 512GB/ Windows 11 Home SL),Acer,laptop,29990000.0,30990000.0,1000000.0,3.0,,,,phongvu,2026-09-21
855327,260302468,Laptop Acer Nitro ProPanel ANV16-72-71T9 (Core 7 240H/ GeForce RTX™ 5060/ 16GB/ 512GB/ Windows 11 Home Single Language),Acer,laptop,43990000.0,43990000.0,0.0,0.0,,,,phongvu,2026-09-21
855336,260302474,Laptop Msi Katana 15 B13VEK-2440VN (i7-13620H/ GeForce RTX™ 4050/ 16GB/ 1TB/ Win 11 Home),Msi,laptop,34990000.0,35490000.0,500000.0,1.0,,,,phongvu,2026-09-21
855344,260302478,Laptop Msi Stealth 16 AI+ B3WF-007VN (Ultra 9-386H/ GeForce RTX™ 5060/ 32GB/ 1TB/ Win 11 Home),Msi,laptop,79990000.0,79990000.0,0.0,0.0,,,,phongvu,2026-09-21
855353,260302484,Laptop Msi Stealth 16 AI+ B3WG-008VN (Ultra 9-386H/ GeForce RTX™ 5070/ 32GB/ 1TB/ Win 11 Home),Msi,laptop,84590000.0,85990000.0,1400000.0,2.0,,,,phongvu,2026-09-21
855365,260302495,Laptop Asus Vivobook Go 15 E1504FA-BQ340W (Ryzen 5 40/ 16GB/ 512GB/ Win 11 Home),Asus,laptop,19690000.0,28490000.0,8800000.0,31.0,,,,phongvu,2026-09-21
855378,260302507,Laptop Lenovo V15 G5 IRL - 83HF00BSVA (i5-13420H/ 16GB/ 512GB/ No OS),Lenovo,laptop,23990000.0,24990000.0,1000000.0,4.0,,,,phongvu,2026-09-21
855380,260302512,Laptop Asus Vivobook S14 S3407CA-SF913W (Ultra 5-225H/ 16GB/ 512GB/ Win 11 Home),Asus,laptop,27790000.0,35990000.0,8200000.0,23.0,,,,phongvu,2026-09-21
855385,260302514,Laptop Lenovo ThinkPad X9-14 Gen 1 - 21QA006JVN (Ultra 7-258V/ 32GB/ 512GB/ Windows 11 Pro),Lenovo,laptop,53990000.0,55190000.0,1200000.0,2.0,,,,phongvu,2026-09-21
855390,260302518,Laptop Asus Vivobook S14 S3407CA-SF923W (Ultra 7-255H/ 16GB/ 512GB/ Win 11 Home),Asus,laptop,28790000.0,31990000.0,3200000.0,10.0,,,,phongvu,2026-09-21
855396,260302524,Laptop Asus TUF Gaming F16 FX608JHI-TU209W (i7-14650HX/ GeForce RTX™ 5050/ 16GB/ 512GB/ Win 11 Home),Asus,laptop,44990000.0,49990000.0,5000000.0,10.0,,,,phongvu,2026-09-21
855399,260302527,Laptop Acer Aspire 7 A715-59G-53GZ (Core 5 210H/ GeForce RTX™ 3050/ 16GB/ 512GB/ Win 11 Home SL),Acer,laptop,25990000.0,28990000.0,3000000.0,10.0,,,,phongvu,2026-09-21
855401,260302528,Laptop Asus TUF Gaming F16 FX608JMI-TU241W (i7-14650HX/ GeForce RTX™ 5060/ 16GB/ 512GB/ Win 11 Home),Asus,laptop,44990000.0,52990000.0,8000000.0,15.0,,,,phongvu,2026-09-21
855405,260302532,Laptop Acer Nitro ProPanel ANV16S-71-58WQ (Core 5 210H/ GeForce RTX™ 5050/ 32GB/ 512GB/ Win 11 Home SL),Acer,laptop,44990000.0,44990000.0,0.0,0.0,,,,phongvu,2026-09-21
856162,260303285,Laptop Lenovo Thinkpad X9-14 Gen 1 - 21QA006DVN (Ultra 5-226V/ 16GB/ 512GB/ Windows 11 Pro),Lenovo,laptop,43990000.0,46990000.0,3000000.0,6.0,,,,phongvu,2026-09-21
856586,260303603,Laptop Msi Prestige 14 Flip AI+ D3MTG-021VN (Ultra 9-386H/ 32GB/ 1TB/ Windows 11 Home),Msi,laptop,52990000.0,54990000.0,2000000.0,4.0,,,,phongvu,2026-09-21
856587,260303605,Laptop Msi Prestige 14 AI+ D3MG-022VN (Ultra 7-355/ 32GB/ 1TB/ Windows 11 Home),Msi,laptop,44490000.0,48990000.0,4500000.0,9.0,,,,phongvu,2026-09-21
856850,260303867,Laptop HP ProBook 4 G1i - BQ5C7PT (Ultra 7-255U/ 16GB/ 512GB/ Win 11 Home SL),HP,laptop,32490000.0,39190000.0,6700000.0,17.0,,,,phongvu,2026-09-21
856851,260303868,Laptop HP Elitebook 640 G11 - A7LB4PT (Ultra 7-165U/ 16GB/ 512GB/ Win 11 Home SL),HP,laptop,33990000.0,36090000.0,2100000.0,6.0,,,,phongvu,2026-09-21
857087,260304104,Laptop Lenovo V14 G5 IRL - 83HD005JVN (Core i5-13420H/ 16GB/ 512GB/ Windows 11 Home SL),Lenovo,laptop,23990000.0,29090000.0,5100000.0,18.0,,,,phongvu,2026-09-21
857541,260304532,Laptop Asus Vivobook S14 S3407AA-SF945W (Ultra 5-325/ 16GB/ 512GB/ Windows 11 Home),Asus,laptop,29690000.0,37490000.0,7800000.0,21.0,,,,phongvu,2026-09-21
858122,260305106,Laptop MSI Cyborg 15 A13UC-2088VN (i5-13420H) (Đen) - Đã kích hoạt,Msi,laptop,21290000.0,28690000.0,7400000.0,26.0,,,,phongvu,2026-09-21
858545,260305528,Laptop HP 250R G10 - C3SH7AT (Core 5 120U/ 16GB/ 512GB/ Windows 11 Home SL),HP,laptop,22990000.0,29190000.0,6200000.0,21.0,,,,phongvu,2026-09-21
858648,260305633,Laptop Acer Gaming Nitro ProPanel ANV15-42-R0QM (Ryzen 5 7640HS/ GeForce RTX™ 3050/ 16GB/ 512GB/ Windows 11 Home SL),Acer,laptop,29990000.0,34990000.0,5000000.0,14.0,,,,phongvu,2026-09-21
858649,260305634,Laptop Asus TUF Gaming A14 FA401GM-RG013W (Ryzen AI 9 465/ GeForce RTX™ 5060/ 32GB/ 1TB/ Windows 11 Home),Asus,laptop,56990000.0,57990000.0,1000000.0,2.0,,,,phongvu,2026-09-21
858657,260305640,Laptop Acer Gaming Nitro ProPanel ANV15-52-50RB (Core 5 210H/ GeForce RTX™ 4050/ 16GB/ 512GB/ Windows 11 Home SL),Acer,laptop,33490000.0,37990000.0,4500000.0,12.0,,,,phongvu,2026-09-21
858664,260305647,Laptop Lenovo IdeaPad Slim 5 14IMH10 - 83V6001GVN (Ultra 5-135H/ 16GB/ 512GB/ Windows 11 Home SL),Lenovo,laptop,27990000.0,31990000.0,4000000.0,13.0,,,,phongvu,2026-09-21
858690,260305673,Laptop Dell 15 DC15250-DC5I7952W1 (i7-1355U/ 16GB/ 512GB/ Win 11 Home SL + Office + Microsoft),Dell,laptop,25490000.0,25490000.0,0.0,0.0,,,,phongvu,2026-09-21
858707,260305688,Laptop Dell 16 DC16250 - 71092481 (Core 5 120U/ 16GB/ 1TB/ Windows 11 Home + Office + Microsoft),Dell,laptop,27990000.0,28990000.0,1000000.0,3.0,,,,phongvu,2026-09-21
858706,260305689,Laptop Dell 15 DC15250 - 71092479 (i5-1334U/ 16GB/ 512GB/ Windows 11 Home + Office + Microsoft),Dell,laptop,21990000.0,23090000.0,1100000.0,5.0,,,,phongvu,2026-09-21
858705,260305690,Laptop Dell 15 DC15250 - 71092480 (i7-1355U/ 16GB/ 512GB/ Windows 11 Home + Office + Microsoft),Dell,laptop,24990000.0,25990000.0,1000000.0,4.0,,,,phongvu,2026-09-21
860348,260400568,Laptop Asus ExpertBook P1503CVA-S72922W (Core 5 210H/ 16GB/ 512GB/ Windows 11 Home),Asus,laptop,21990000.0,26790000.0,4800000.0,18.0,,,,phongvu,2026-09-21
862735,260402929,Laptop Dell 15 DC15250 - i5U165W11SLU-27 (i5-1334U/ 16GB/ 512GB/ Win 11 Home SL + Office + Microsoft),Dell,laptop,21990000.0,23090000.0,1100000.0,5.0,,,,phongvu,2026-09-21
862742,260402938,Laptop Dell 15 DC15250 - i7U161W11SLU-27 (i7-1355U/ 16GB/ 1TB/ Win 11 Home + Office + Microsoft),Dell,laptop,27490000.0,28290000.0,800000.0,3.0,,,,phongvu,2026-09-21
864730,260404884,Laptop Asus Vivobook S14 S3407AA-SF032W (Ultra 7-355/ 16GB/ 512GB/ Windows 11 Home),Asus,laptop,31490000.0,40490000.0,9000000.0,22.0,,,,phongvu,2026-09-21
864739,260404891,Laptop Asus Vivobook 14 X1407AA-LY360W (Ultra 5-325/ 16GB/ 512GB/ Windows 11 Home),Asus,laptop,24390000.0,26990000.0,2600000.0,10.0,,,,phongvu,2026-09-21
864746,260404899,Laptop Asus TUF Gaming A14 FA401EA-RG034W (Ryzen AI MAX+ 392/ 64GB/ 1TB/ Windows 11 Home),Asus,laptop,62990000.0,64990000.0,2000000.0,3.0,,,,phongvu,2026-09-21
864754,260404909,Laptop Dell 15 DC15250 - CPH992 (i5-1334U/ 16GB/ 512GB/ Windows 11 Home + Office),Dell,laptop,22990000.0,22990000.0,0.0,0.0,,,,phongvu,2026-09-21
864764,260404916,Laptop Msi Cyborg 15 Black Edition A13VE-2410VN (i5-13420H/ GeForce RTX™ 4050/ 16GB/ 512GB/ Windows 11 Home),Msi,laptop,28590000.0,31990000.0,3400000.0,11.0,,,,phongvu,2026-09-21
864766,260404920,Laptop Lenovo Yoga Slim 7 14AGP11 - 83QS001DVN (Ryzen AI 7 445/ 16GB/ 512GB/ Windows 11 Home + Office + Microsoft),Lenovo,laptop,37990000.0,43990000.0,6000000.0,14.0,,,,phongvu,2026-09-21
864773,260404925,Laptop Lenovo Ideapad Slim 3 16ARP10 - 83K800GTVN (R5 7535HS/ 16GB/ 512GB/ Windows 11 Home SL),Lenovo,laptop,24990000.0,24990000.0,0.0,0.0,,,,phongvu,2026-09-21
864775,260404927,Laptop Lenovo Ideapad Slim 5 14AGP11 - 83S1003GVN (Ryzen AI 7 445/ 32GB/ 1TB/ Windows 11 Home SL),Lenovo,laptop,41690000.0,44990000.0,3300000.0,7.0,,,,phongvu,2026-09-21
866687,260406734,Laptop Asus ROG Zephyrus Duo 2026 GX651AX-SR050WS (Intel Core Ultra 9 386H/ GeForce RTX 5090/ 64GB/ 2TB SSD M.2 NVMe/ Win 11 Home),Asus,laptop,199990000.0,199990000.0,0.0,0.0,,,,phongvu,2026-09-21
867178,260407198,Laptop Asus TUF Gaming A15 FA506NCG-HN329W (Ryzen 7 8845HS/ GeForce RTX™ 3050/ 16GB/ 512GB/ Win 11 Home),Asus,laptop,27990000.0,37490000.0,9500000.0,25.0,,,,phongvu,2026-09-21
867188,260407204,Laptop Acer Predator Helios Neo - PHN16-I31-50H7 (i5-14450HX/ GeForce RTX™ 5050/ 32GB/ 512GB/ Windows 11 Home SL),Acer,laptop,49990000.0,51990000.0,2000000.0,4.0,,,,phongvu,2026-09-21
867189,260407205,Laptop Asus TUF Gaming F16 FX608JHI-TU210W (i5-14450HX/ GeForce RTX™ 5050/ 16GB/ 512GB/ Win 11 Home),Asus,laptop,42990000.0,47990000.0,5000000.0,10.0,,,,phongvu,2026-09-21
867195,260407211,Laptop Acer Predator Helios Neo - PHN16-I31-74MN (i7-14650HX/ GeForce RTX™ 5050/ 32GB/ 512GB/ Windows 11 Home SL),Acer,laptop,54990000.0,56990000.0,2000000.0,4.0,,,,phongvu,2026-09-21
867196,260407212,Laptop Asus Zenbook S 16 UM5606GA-SS441W (Ryzen AI 9 465/ 16GB/ 512GB/ Win 11 Home),Asus,laptop,45690000.0,49490000.0,3800000.0,8.0,,,,phongvu,2026-09-21
867202,260407220,Laptop Acer Predator Helios Neo - PHN16-I31-72XE (i7-14650HX/ GeForce RTX™ 5060/ 32GB/ 512GB/ Windows 11 Home SL),Acer,laptop,59990000.0,61990000.0,2000000.0,3.0,,,,phongvu,2026-09-21
867211,260407231,Laptop Acer Aspire Lite 15 AL15-48P-R86Q (Ryzen 7 5825U/ 8GB/ 512GB/ Windows 11 Home SL),Acer,laptop,18990000.0,21990000.0,3000000.0,14.0,,,,phongvu,2026-09-21
867222,260407237,Laptop Acer Aspire Go 15 AI AG15-52P-52WT (Ultra 5-115U/ 16GB/ 512GB/ Windows 11 Home SL),Acer,laptop,22990000.0,24990000.0,2000000.0,8.0,,,,phongvu,2026-09-21
867221,260407238,Laptop Lenovo IdeaPad Slim 3 14IPH11 - 83UQ002GVN (Ultra 7-355/ 16GB/ 512GB/ Windows 11 Home SL),Lenovo,laptop,28990000.0,32990000.0,4000000.0,12.0,,,,phongvu,2026-09-21
867231,260407247,Laptop Lenovo LOQ Essential 15ARP10E - 83S0000DVN (Ryzen 5 7535HS/ GeForce RTX™ 3050/ 16GB/ 512GB/ Win 11 Home SL),Lenovo,laptop,26290000.0,35990000.0,9700000.0,27.0,,,,phongvu,2026-09-21
867729,260407624,Laptop HP OmniBook 7 14-fr0027TU - C1MN1PA (Ultra 7-255U/ 16GB/ 512GB/ Windows 11 Home + Office 2024 + Microsoft),HP,laptop,31590000.0,35290000.0,3700000.0,10.0,,,,phongvu,2026-09-21
867731,260407626,Laptop HP OmniBook 5 16 ag1069AU - BZ7T1PA (Ryzen AI 5 340/ 16GB/ 512GB/ Windows 11 Home + Office + Microsoft),HP,laptop,25990000.0,30490000.0,4500000.0,15.0,,,,phongvu,2026-09-21
867732,260407627,Laptop HP OmniBook 7 14-fs0042TU - C1MP3PA (Core 5 210H/ 24GB/ 512GB/ Windows 11 Home + Office 2024 + Microsoft),HP,laptop,28990000.0,32690000.0,3700000.0,11.0,,,,phongvu,2026-09-21
867884,260407771,Laptop Lenovo V15 G5 IRL - 83HF00BXVN (i7-13620H/ 16GB/ 512GB/ Windows 11 Home SL),Lenovo,laptop,24990000.0,28590000.0,3600000.0,13.0,,,,phongvu,2026-09-21
869599,260501439,Laptop Acer Aspire 14 AI A14-11M-X8FP (Snapdragon X X1 26 100/ 16GB/ 512GB/ Windows 11 Home SL),Acer,laptop,22990000.0,25990000.0,3000000.0,12.0,,,,phongvu,2026-09-21
869634,260501467,Laptop Lenovo Yoga Slim 7 14IPH11 - 83QM002EVN (Ultra 7-355/ 32GB/ 1TB/ Windows 11 Home + Microsoft + Office),Lenovo,laptop,54490000.0,64990000.0,10500000.0,16.0,,,,phongvu,2026-09-21
869634,260501475,Laptop Lenovo Yoga Slim 7 14IPH11 - 83QM002FVN (Ultra 7-355/ 32GB/ 1TB/ Windows 11 Home + Microsoft + Office),Lenovo,laptop,54490000.0,64990000.0,10500000.0,16.0,,,,phongvu,2026-09-21
869645,260501485,Laptop Lenovo IdeaPad 5 2in1 14IPH11 - 83UG0026VN (Ultra 5-322/ 16GB/ 512GB/ Windows 11 Home),Lenovo,laptop,31290000.0,32990000.0,1700000.0,5.0,,,,phongvu,2026-09-21
869730,260501570,Laptop HP 14-ep1179TU - C89ZSPA (Core 5-120U) (Bạc) - Đã sử dụng,HP,laptop,17990000.0,20190000.0,2200000.0,11.0,,,,phongvu,2026-09-21
869739,260501579,Laptop MSI Modern 15 F13MG-667VN_16G (i5-1334U) (Bạc) - Demo,Msi,laptop,18990000.0,18990000.0,0.0,0.0,,,,phongvu,2026-09-21
869814,260501654,Laptop Dell 15 DC15250 - CPH997 (i7-1355U) (Bạc) - Đã kích hoạt,Dell,laptop,23990000.0,24490000.0,500000.0,2.0,,,,phongvu,2026-09-21
869858,260501698,Laptop HP OmniBook 5 AI 16-af1052TU - C1MN6PA (Core Ultra 7-255U) (Bạc) - Đã sử dụng,HP,laptop,26490000.0,34990000.0,8500000.0,24.0,,,,phongvu,2026-09-21
869860,260501700,Laptop Asus ExpertBook P1 P1503CVA-S71559W (i5-13420H) (Xám) - Demo,Asus,laptop,14490000.0,15990000.0,1500000.0,9.0,,,,phongvu,2026-09-21
869865,260501705,Laptop Dell 16 DC16251 - DC6C7557W1 (Core 7-150U) Silver - Đã kích hoạt,Dell,laptop,27990000.0,35990000.0,8000000.0,22.0,,,,phongvu,2026-09-21
869883,260501723,Laptop Dell Inspiron 14 5440 - N4I7204W1 (Core 7-150U) (Xanh) - Đã sử dụng,Dell,laptop,22990000.0,26490000.0,3500000.0,13.0,,,,phongvu,2026-09-21
869891,260501731,Laptop MSI Cyborg 15 A13UC-861VN (i5-13420H) (Đen) - Demo,Msi,laptop,17990000.0,21990000.0,4000000.0,18.0,,,,phongvu,2026-09-21
869892,260501732,Laptop Lenovo IdeaPad Slim 3 14IRH10 - 83K0004JVN (i5-13420H) (Xám) - Demo,Lenovo,laptop,20990000.0,20990000.0,0.0,0.0,,,,phongvu,2026-09-21
869910,260501750,Laptop Asus ROG Strix Scar 18 G834JYR-R6011W (i9-14900HX) (Đen) - Demo,Asus,laptop,130000000.0,130000000.0,0.0,0.0,,,,phongvu,2026-09-21
869911,260501751,Laptop MSI Cyborg 15 A13UC-861VN (i5-13420H) (Đen) - Demo,Msi,laptop,21990000.0,21990000.0,0.0,0.0,,,,phongvu,2026-09-21
869916,260501756,Laptop MSI Cyborg 15 A13UC-861VN (i5-13420H) (Đen) - Demo,Msi,laptop,17990000.0,21990000.0,4000000.0,18.0,,,,phongvu,2026-09-21
869921,260501761,Laptop MSI Cyborg 15 A13UC-861VN (i5-13420H) (Đen) - Demo,Msi,laptop,17990000.0,21990000.0,4000000.0,18.0,,,,phongvu,2026-09-21
869927,260501767,Laptop MSI Cyborg 15 A13UC-861VN (i5-13420H) (Đen) - Demo,Msi,laptop,17990000.0,21990000.0,4000000.0,18.0,,,,phongvu,2026-09-21
869936,260501776,Laptop MSI Cyborg 15 A13UC-861VN (i5-13420H) (Đen) - Demo,Msi,laptop,17990000.0,21990000.0,4000000.0,18.0,,,,phongvu,2026-09-21
869946,260501786,Laptop Asus ExpertBook P1 P1503CVA-S71559W (i5-13420H) (Xám) - Demo,Asus,laptop,14990000.0,15990000.0,1000000.0,6.0,,,,phongvu,2026-09-21
869949,260501789,Laptop Asus ExpertBook P1 P1503CVA-S71559W (i5-13420H) (Xám) - Demo,Asus,laptop,15990000.0,15990000.0,0.0,0.0,,,,phongvu,2026-09-21
869950,260501790,Laptop HP OmniBook X Flip 14-fm0076TU - BZ7P6PA (Core Ultra 7-258V) (Xanh) - Đã kích hoạt,HP,laptop,34490000.0,40890000.0,6400000.0,16.0,,,,phongvu,2026-09-21
869955,260501795,Laptop Dell 15 DC15255 DC5R5802W1-Silver (AMD Ryzen 5-7530U) (Bạc) - Đã kích hoạt,Dell,laptop,15990000.0,19490000.0,3500000.0,18.0,,,,phongvu,2026-09-21
869975,260501815,Laptop MSI Cyborg 15 A13UC-861VN (i5-13420H) (Đen) - Demo,Msi,laptop,17990000.0,21990000.0,4000000.0,18.0,,,,phongvu,2026-09-21
869977,260501817,Laptop Asus ExpertBook P1 P1503CVA-S71559W (i5-13420H) (Xám) - Demo,Asus,laptop,14990000.0,15990000.0,1000000.0,6.0,,,,phongvu,2026-09-21
870037,260501877,Laptop Asus ExpertBook P1 P1503CVA-S71559W (i5-13420H) (Xám) - Demo,Asus,laptop,14990000.0,15990000.0,1000000.0,6.0,,,,phongvu,2026-09-21
870039,260501879,Laptop Asus ExpertBook P1 P1503CVA-S71559W (i5-13420H) (Xám) - Demo,Asus,laptop,14490000.0,15990000.0,1500000.0,9.0,,,,phongvu,2026-09-21
870040,260501880,Laptop Asus ExpertBook P1 P1503CVA-S71559W (i5-13420H) (Xám) - Demo,Asus,laptop,14990000.0,15990000.0,1000000.0,6.0,,,,phongvu,2026-09-21
870052,260501892,Laptop Asus ExpertBook P1 P1503CVA-S71559W (i5-13420H) (Xám) - Demo,Asus,laptop,14990000.0,15990000.0,1000000.0,6.0,,,,phongvu,2026-09-21
870454,260502319,Laptop Asus Vivobook S16 S3607AA-SH042W (Ultra 5-325/ 16GB/ 512GB/ Windows 11 Home),Asus,laptop,29790000.0,37490000.0,7700000.0,21.0,,,,phongvu,2026-09-21
870453,260502320,Laptop Asus ExpertBook P1 P1503CVA-C3U08-50W (Core 3 100U/ 8GB/ 512GB/ Windows 11 Home),Asus,laptop,15990000.0,15990000.0,0.0,0.0,,,,phongvu,2026-09-21
870458,260502321,Laptop Asus ROG Strix G16 G614PH-TS118W (Ryzen 9 8940HX/ GeForce RTX™ 5050/ 16GB/ 512GB/ Windows 11 Home),Asus,laptop,50990000.0,52990000.0,2000000.0,4.0,,,,phongvu,2026-09-21
870455,260502322,Laptop Asus ROG Strix G16 G614PP-TS112W (Ryzen 9 8940HX/ GeForce RTX™ 5070/ 16GB/ 512GB/ Windows 11 Home),Asus,laptop,59990000.0,62990000.0,3000000.0,5.0,,,,phongvu,2026-09-21
870457,260502324,Laptop Asus ROG Strix G16 G614PM-TS147W (Ryzen 9 8940HX/ GeForce RTX™ 5060/ 16GB/ 512GB/ Windows 11 Home),Asus,laptop,54990000.0,57990000.0,3000000.0,5.0,,,,phongvu,2026-09-21
870456,260502325,Laptop Asus Vivobook S16 S3607AA-SH043W (Ultra 7-355/ 16GB/ 512GB/ Windows 11 Home),Asus,laptop,31490000.0,40490000.0,9000000.0,22.0,,,,phongvu,2026-09-21
870460,260502326,Laptop Asus Vivobook 16 X1607CA-MB990W (Ultra 7-255H/ 16GB/ 512GB/ Windows 11 Home),Asus,laptop,25490000.0,27990000.0,2500000.0,9.0,,,,phongvu,2026-09-21
872079,260503899,Laptop Lenovo Yoga Slim 7 14IPH11 -   83QM0075VN (Ultra 7-355/ 16GB/ 512GB/ Windows 11 Home + Microsoft + Office),Lenovo,laptop,41990000.0,46990000.0,5000000.0,11.0,,,,phongvu,2026-09-21
872092,260503906,Laptop Lenovo IdeaPad Slim 5 14AGP11 - 83S1006RVN (Ryzen AI 7 445/ 16GB/ 512GB/ Windows 11 Home SL),Lenovo,laptop,30990000.0,32990000.0,2000000.0,6.0,,,,phongvu,2026-09-21
872099,260503913,Laptop Lenovo IdeaPad Slim 5 14IPH11 - 83S5000DVN (Ultra 5-322/ 16GB/ 512GB/ Windows 11 Home SL),Lenovo,laptop,29990000.0,32990000.0,3000000.0,9.0,,,,phongvu,2026-09-21
872106,260503920,Laptop HP 14-ep1012TU - D72CPPA (Core 5 120U/ 16GB/ 512GB/ Win 11 Home SL),HP,laptop,22990000.0,25590000.0,2600000.0,10.0,,,,phongvu,2026-09-21
872113,260503930,Laptop HP 14-hc0028TU - D72BJPA (Ultra 5-225U/ 16GB/ 512GB/ Win 11 Home SL),HP,laptop,24190000.0,29290000.0,5100000.0,17.0,,,,phongvu,2026-09-21
872132,260503946,Laptop Acer Aspire Lite 15 AL15-21P-R91W (Ryzen 5 40/ 16GB/ 512GB/ Windows 11 Home SL),Acer,laptop,19990000.0,23990000.0,4000000.0,17.0,,,,phongvu,2026-09-21
875463,260507122,Laptop Asus Zenbook A14 UX3407NA-QD254W (Snapdragon X2 Elite X2E88100/ 32GB/ 1TB/ Windows 11 Home),Asus,laptop,59090000.0,63990000.0,4900000.0,8.0,,,,phongvu,2026-09-21
875472,260507128,Laptop Asus ROG Strix G16 G614PR-TS103W (Ryzen 9 8940HX/ GeForce RTX™ 5070Ti/ 16GB/ 512GB/ Windows 11 Home),Asus,laptop,68990000.0,71990000.0,3000000.0,4.0,,,,phongvu,2026-09-21
875473,260507129,Laptop Asus ExpertBook B9 B9406CAA-X7321TW (Ultra X7-358H/ 32GB/ 1TB/ Windows 11 Home),Asus,laptop,65890000.0,68990000.0,3100000.0,4.0,,,,phongvu,2026-09-21
875479,260507135,Laptop Asus ROG Strix G16 G614PW-TS051W (Ryzen 9 8940HX/ GeForce RTX™ 5080/ 16GB/ 1TB/ Windows 11 Home),Asus,laptop,94990000.0,94990000.0,0.0,0.0,,,,phongvu,2026-09-21
875480,260507136,Laptop Asus ExpertBook Ultra B9406CAA-X7642TW (Ultra X7-358H/ 64GB/ 2TB/ Windows 11 Home),Asus,laptop,96990000.0,100000000.0,3010000.0,3.0,,,,phongvu,2026-09-21
875482,260507140,Laptop Lenovo IdeaPad Slim 3 14IPH11 - 83UQ003NVN (Ultra 5-322/ 16GB/ 512GB/ Windows 11 Home SL),Lenovo,laptop,23490000.0,27990000.0,4500000.0,16.0,,,,phongvu,2026-09-21
875486,260507143,Laptop Asus ROG Zephyrus G14 GU405AW-SY029W (Ultra 9-386H/ GeForce RTX™ 5080/ 32GB/ 1TB/ Windows 11 Home),Asus,laptop,119990000.0,119990000.0,0.0,0.0,,,,phongvu,2026-09-21
875493,260507150,Laptop Asus Zenbook A14 UX3407NA-QD132WS (Snapdragon X2 Elite X2E88100/ 16GB/ 512GB/ Windows 11 Home),Asus,laptop,39990000.0,48990000.0,9000000.0,18.0,,,,phongvu,2026-09-21
875495,260507152,Laptop Dell Pro 14 Essential PV14250 PV14250-120U-16512W (Core 5 120U/ 16GB/ 512GB/ Windows 11 Home SL),Dell,laptop,25990000.0,27990000.0,2000000.0,7.0,,,,phongvu,2026-09-21
876676,260508270,Laptop Asus Zenbook Duo UX8407AA-SN439WS (Ultra X7-358H/ 32GB/ 512GB/ Windows 11 Home),Asus,laptop,78990000.0,82990000.0,4000000.0,5.0,,,,phongvu,2026-09-21
876967,260508562,Laptop Lenovo IdeaPad Slim 3 15ARP10 - 83K700YWVN (Ryzen 5 7535HS/ 16GB/ 512GB/ Windows 11 Home SL),Lenovo,laptop,22490000.0,25490000.0,3000000.0,12.0,,,,phongvu,2026-09-21
876999,260508594,Laptop Acer Swift Go 14 AI SFG14-74T-55HD (Ultra 5-225H/ 16GB/ 1TB/ Windows 11 Home SL),Acer,laptop,31990000.0,32990000.0,1000000.0,3.0,,,,phongvu,2026-09-21
877868,260600361,Laptop Msi Modern 14 F1MG-432VN (Core 5 120U/ 16GB/ 512GB/ Windows 11 Home),Msi,laptop,19190000.0,21990000.0,2800000.0,13.0,,,,phongvu,2026-09-21
878537,260600939,Laptop LG Gram Book 15U50U-G.AV55A5 (Ultra 5-115U/ 16GB/ 512GB/ Windows 11 Home),LG,laptop,23490000.0,24490000.0,1000000.0,4.0,,,,phongvu,2026-09-21
878550,260600946,Laptop Lenovo IdeaPad Slim 3 14IWC11 - 83RQ002NVN (Core 5 320/ 16GB/ 512GB/ Windows 11 Home SL),Lenovo,laptop,22490000.0,26490000.0,4000000.0,15.0,,,,phongvu,2026-09-21
878557,260600953,Laptop Acer Aspire Lite 15 AL15-36P-30TN (Core 3 N350/ 8GB/ 512GB/ Windows 11 Home SL),Acer,laptop,16990000.0,16990000.0,0.0,0.0,,,,phongvu,2026-09-21
878573,260600971,Laptop Acer Aspire Lite 16 AI AL16-71P-582Q (Ultra 5-125H/ 16GB/ 512GB/ Win 11 Home SL),Acer,laptop,24990000.0,24990000.0,0.0,0.0,,,,phongvu,2026-09-21
879834,260602203,Laptop Lenovo Yoga Slim 7 14IPH11 - 83QM0076VN (Ultra 7-355/ 16GB/ 512GB/ Windows 11 + Office + Microsoft),Lenovo,laptop,41990000.0,46990000.0,5000000.0,11.0,,,,phongvu,2026-09-21
879841,260602215,Laptop Lenovo Yoga Slim 7 Ultra 14IPH11 - 83QK0015VN (Ultra 7-355/ 32GB/ 1TB/ Windows 11 Home + Microsoft + Office),Lenovo,laptop,62990000.0,72990000.0,10000000.0,14.0,,,,phongvu,2026-09-21
880003,260602380,Laptop Asus ROG Zephyrus G16 GU606AM-TB032W (Ultra 9-386H/ GeForce RTX™ 5060/ 32GB/ 1TB/ Windows 11 Home),Asus,laptop,87990000.0,89990000.0,2000000.0,2.0,,,,phongvu,2026-09-21
880005,260602383,Laptop Asus ROG Zephyrus G14 GU405AR-SY016W (Ultra 9-386H/ GeForce RTX™ 5070Ti/ 32GB/ 1TB/ Windows 11 Home),Asus,laptop,96990000.0,96990000.0,0.0,0.0,,,,phongvu,2026-09-21
880004,260602384,Laptop Asus ROG Zephyrus G16 GU606AR-TB027W (Ultra 9-386H/ GeForce RTX™ 5070Ti/ 32GB/ 1TB/ Windows 11 Home),Asus,laptop,99990000.0,99990000.0,0.0,0.0,,,,phongvu,2026-09-21
880017,260602400,Laptop Msi Modern 14 H1M-014VN (Core 7 150U/ 16GB/ 512GB/ Windows 11 Home),Msi,laptop,22390000.0,25490000.0,3100000.0,12.0,,,,phongvu,2026-09-21
880022,260602401,Laptop Gigabyte Gaming A16 3THK3VN893SH (Ryzen 7 260/ GeForce RTX™ 5050/ 16GB/ 512GB/ Windows 11 Home SL),Gigabyte,laptop,38990000.0,38990000.0,0.0,0.0,,,,phongvu,2026-09-21
880029,260602407,Laptop Asus ROG Zephyrus G14 GA403GM-SY164W (Ryzen AI 9 465/ GeForce RTX™ 5060/ 16GB/ 512GB/ Windows 11 Home),Asus,laptop,64990000.0,65990000.0,1000000.0,2.0,,,,phongvu,2026-09-21
880028,260602408,Laptop Msi Modern 14S G3MG-003VN (Core 5 320/ 16GB/ 1TB/ Windows 11 Home),Msi,laptop,27990000.0,31490000.0,3500000.0,11.0,,,,phongvu,2026-09-21
880030,260602409,Laptop Gigabyte Gaming A16 3VHK3VN893SH (Ryzen 7 260/ GeForce RTX™ 5060/ 16GB/ 512GB/ Windows 11 Home SL),Gigabyte,laptop,40990000.0,40990000.0,0.0,0.0,,,,phongvu,2026-09-21
880031,260602411,"Laptop Lenovo ThinkBook 16 G9 IRL - 21US008FVN (i5-13420H/ 16GB/ 512GB/ Windows 11 Home SL, English)",Lenovo,laptop,26990000.0,33390000.0,6400000.0,19.0,,,,phongvu,2026-09-21
880040,260602419,"Laptop Lenovo LOQ 15IPH11 - 83SL000LVN (Ultra 7-356H/ GeForce RTX™ 5060/ 16GB/ 512GB/ Windows 11 Home SL, English)",Lenovo,laptop,49990000.0,55990000.0,6000000.0,11.0,,,,phongvu,2026-09-21
880042,260602423,Laptop Dell 15 DC15255 - DC5R5973W1 (Ryzen 5 7530U/ 16GB/ 512GB/ Win 11 Home SL + Office + Microsoft),Dell,laptop,23990000.0,25290000.0,1300000.0,5.0,,,,phongvu,2026-09-21
880044,260602424,Laptop LG Gram 14Z90U-G.AN55A5 (Ultra 5-325/ 16GB/ 512GB/ Win 11 Home SL),LG,laptop,37990000.0,49990000.0,12000000.0,24.0,,,,phongvu,2026-09-21
880047,260602427,Laptop Acer Aspire Lite 14 AL14-45P-R7Z3 (Ryzen 3 5400U/ 8GB/ 512GB/ Windows 11 Home SL),Acer,laptop,15990000.0,16990000.0,1000000.0,6.0,,,,phongvu,2026-09-21
880050,260602429,Laptop Dell 14 DC14250 - DC4C5375W1 (Core 5 120U/ 16GB/ 512GB/ Win 11 Home SL + Office + Microsoft),Dell,laptop,29990000.0,32690000.0,2700000.0,8.0,,,,phongvu,2026-09-21
880051,260602430,Laptop Asus Zenbook S14 UX5406AA-SU348W (Ultra 9-386H/ 16GB/ 512GB/ Windows 11 Home),Asus,laptop,48990000.0,50990000.0,2000000.0,4.0,,,,phongvu,2026-09-21
880052,260602432,Laptop LG Gram Pro 16Z90U-G.AN55A5 (Ultra 5-325/ 16GB/ 512GB/ Win 11 Home SL),LG,laptop,39990000.0,51990000.0,12000000.0,23.0,,,,phongvu,2026-09-21
880055,260602434,Laptop Acer Aspire Lite 14 AL14-44P-R0SP (Ryzen 7 7730U/ 8GB/ 512GB/ Windows 11 Home SL),Acer,laptop,20490000.0,22990000.0,2500000.0,11.0,,,,phongvu,2026-09-21
880056,260602435,Laptop Dell 14 DC14255-DC4A5330W1 (Ryzen 5 330/ 16GB/ 512GB/ Win 11 Home SL + Office + Microsoft),Dell,laptop,30990000.0,34590000.0,3600000.0,10.0,,,,phongvu,2026-09-21
880057,260602436,Laptop LG Gram Pro 16Z90U-G.AV85A5 (Ultra 7-355/ 32GB/ 512GB/ Win 11 Home SL),LG,laptop,49990000.0,53990000.0,4000000.0,7.0,,,,phongvu,2026-09-21
880058,260602437,Laptop Gigabyte Gaming A16 CMHH2MY893SH (i5-13420H/ GeForce RTX™ 4050/ 16GB/ 512GB/ Windows 11 Home SL),Gigabyte,laptop,26990000.0,30990000.0,4000000.0,13.0,,,,phongvu,2026-09-21
880059,260602438,Laptop HP Elitebook 6 G1i - BQ9N4PT (Ultra 7-255H/ 16GB/ 512GB/ Windows 11 Home),HP,laptop,42590000.0,43490000.0,900000.0,2.0,,,,phongvu,2026-09-21
880060,260602439,Laptop Asus Gaming V16 V3607VJ-TK189W (Core 5 210H/ GeForce RTX™ 3050/ 16GB/ 512GB/ Windows 11 Home),Asus,laptop,26490000.0,36990000.0,10500000.0,28.0,,,,phongvu,2026-09-21
880546,260602916,Laptop HP 14 em0023AU - D0BG7PA (Ryzen 5 7520U/ 16GB/ 512GB/ Windows 11 Home SL),HP,laptop,21290000.0,25990000.0,4700000.0,18.0,,,,phongvu,2026-09-21
880542,260602917,Laptop Lenovo IdeaPad Slim 3 16IPH11 - 83US002WVN (Ultra 7-355/ 16GB/ 512GB/ Windows 11 Home SL),Lenovo,laptop,28990000.0,32990000.0,4000000.0,12.0,,,,phongvu,2026-09-21
880543,260602918,Laptop Lenovo IdeaPad Slim 5 14IPH11 - 83S5000CVN (Ultra 5-322/ 32GB/ 512GB/ Windows 11 Home SL),Lenovo,laptop,36990000.0,39990000.0,3000000.0,8.0,,,,phongvu,2026-09-21
880544,260602919,Laptop Dell Pro 14 Essential PV14250 (Core 7 150U/ 16GB/ 1TB/ Unbuntu),Dell,laptop,28990000.0,31490000.0,2500000.0,8.0,,,,phongvu,2026-09-21
880545,260602920,Laptop HP ProBook 4 G1i - BQ5B3PT (Ultra 5-225U/ 16GB/ 512GB/ Windows 11 Home SL),HP,laptop,34990000.0,34990000.0,0.0,0.0,,,,phongvu,2026-09-21
880689,260603062,Laptop Lenovo ThinkBook 14 G9 IRL - 21UY008TVN (Core i5-13420H/ 16GB/ 512GB/ Windows 11 Home SL),Lenovo,laptop,27990000.0,32990000.0,5000000.0,15.0,,,,phongvu,2026-09-21
880702,260603076,Laptop Msi Cyborg 15 C13WEO-417VN (i7-13620H/ GeForce RTX™ 5050/ 16GB/ 512GB/ Windows 11 Home),Msi,laptop,34590000.0,36990000.0,2400000.0,6.0,,,,phongvu,2026-09-21
880705,260603078,Laptop Msi Crosshair 16 HX E14WEK-076VN (i9-14900HX/ GeForce RTX™ 5050/ 32GB/ 1TB/ Windows 11 Home),Msi,laptop,59990000.0,61990000.0,2000000.0,3.0,,,,phongvu,2026-09-21
880711,260603084,Laptop Lenovo Legion 5 15AHP11 - 83Q7001HVN (Ryzen 7 250/ GeForce RTX™ 5050/ 16GB/ 512GB/ Windows 11 Home SL + Office),Lenovo,laptop,52690000.0,55990000.0,3300000.0,6.0,,,,phongvu,2026-09-21
880713,260603086,Laptop Lenovo IdeaPad Slim 3 14IWC11 - 83RQ002PVN (Core 5 320/ 8GB/ 512GB/ Windows 11 Home SL),Lenovo,laptop,18790000.0,22990000.0,4200000.0,18.0,,,,phongvu,2026-09-21
880974,260603319,Laptop Acer Aspire Lite 15 AL15-49P-R6XX (Ryzen 5 7430U/ 8GB/ 512GB/ Windows 11 Home SL),Acer,laptop,18690000.0,19990000.0,1300000.0,7.0,,,,phongvu,2026-09-21
880975,260603320,Laptop Lenovo LOQ 15AHP11 - 83TN0040VN (Ryzen 7 250/ GeForce RTX™ 5050/ 16GB/ 512GB/ Windows 11 Home SL),Lenovo,laptop,41990000.0,46990000.0,5000000.0,11.0,,,,phongvu,2026-09-21
881230,260603575,Laptop Msi Cyborg 15 C13WEO-418VN (Core i5-13420H/ GeForce RTX™ 5050/ 16GB/ 512GB/ Windows 11 Home),Msi,laptop,31590000.0,34990000.0,3400000.0,10.0,,,,phongvu,2026-09-21
882029,260700542,Laptop HP Envy X360 14-fc0156TU - AY8W4PA (Core Ultra 7-155U) (Bạc) - Đã sử dụng,HP,laptop,25990000.0,32990000.0,7000000.0,21.0,,,,phongvu,2026-09-21
883268,260701722,Laptop HP ProBook 4 G2i - DK2W9AT (Ultra 5-325/ 24GB/ 512GB/ Windows 11 Home SL),HP,laptop,42790000.0,42790000.0,0.0,0.0,,,,phongvu,2026-09-21
883280,260701729,Laptop Acer Swift Go AI SFG14-75-765M (Ultra 7-258V/ 32GB/ 512GB/ Windows 11 Home SL),Acer,laptop,39990000.0,39990000.0,0.0,0.0,,,,phongvu,2026-09-21
883285,260701732,Laptop Lenovo Yoga Slim 7 Ultra 14IPH11 - 83QK006GVN (Ultra 7-355/ 32GB/ 1TB/ Windows 11 Home + Office + Microsoft),Lenovo,laptop,64990000.0,66990000.0,2000000.0,3.0,,,,phongvu,2026-09-21
883286,260701733,Laptop Acer Swift Go 14 AI SFG14-I71-70RP (Ultra X7-358H/ 32GB/ 1TB/ Windows 11 Home SL),Acer,laptop,49990000.0,49990000.0,0.0,0.0,,,,phongvu,2026-09-21
883291,260701736,Laptop Lenovo Yoga Slim 7 Ultra 14IPH11 - 83QK009PVN (Ultra X9-378H/ 32GB/ 1TB/ Windows 11 Home + Office + Microsoft),Lenovo,laptop,79990000.0,79990000.0,0.0,0.0,,,,phongvu,2026-09-21
883292,260701737,Laptop Acer Predator Helios Neo 16S PHN16S-I51-98CX (Ultra 9-386H/ GeForce RTX™ 5060/ 16GB/ 512GB/ Windows 11 Home SL),Acer,laptop,72990000.0,77990000.0,5000000.0,6.0,,,,phongvu,2026-09-21
883295,260701739,Laptop HP ProBook 4 G2i - DK2W4AT (Ultra 5-325/ 16GB/ 512GB/ Windows 11Home SL),HP,laptop,37290000.0,37290000.0,0.0,0.0,,,,phongvu,2026-09-21
883296,260701740,Laptop Acer Predator Helios Neo 16S PHN16S-I51-97T9 (Ultra 9-386H/ GeForce RTX™ 5070/ 16GB/ 512GB/ Windows 11 Home SL),Acer,laptop,75990000.0,80990000.0,5000000.0,6.0,,,,phongvu,2026-09-21
883299,260701747,Laptop Lenovo Yoga 7 2in1 14IPH11 - 83TC002LVN (Ultra 5-322/ 16GB/ 512GB/ Windows 11 Home SL + Office + Microsoft),Lenovo,laptop,41490000.0,44990000.0,3500000.0,8.0,,,,phongvu,2026-09-21
883309,260701754,"Laptop Lenovo IdeaPad Slim 3 16IWC11 - 83RS002KVN (Core 5 320/ 8GB/ 512GB/ Windows 11 Home SL, English)",Lenovo,laptop,18990000.0,22990000.0,4000000.0,17.0,,,,phongvu,2026-09-21
883317,260701761,"Laptop Lenovo IdeaPad Slim 3 16IPH11 - 83US003YVN (Ultra 7-355/ 16GB/ 512GB/ Windows 11 Home SL, English)",Lenovo,laptop,32990000.0,32990000.0,0.0,0.0,,,,phongvu,2026-09-21
883323,260701768,"Laptop Lenovo IdeaPad Slim 3 16IPH11 - 83US0040VN (Ultra 5-322/ 16GB/ 512GB/ Windows 11 Home SL, English)",Lenovo,laptop,23990000.0,27990000.0,4000000.0,14.0,,,,phongvu,2026-09-21
883330,260701774,Laptop Asus Vivobook 16 X1607CA-MB387W (Ultra 5-225H/ 16GB/ 512GB/ Windows 11 Home),Asus,laptop,24590000.0,33490000.0,8900000.0,27.0,,,,phongvu,2026-09-21
883332,260701776,Laptop Lenovo Yoga 7 2-in-1 14IPH11 - 83TC002KVN (Ultra 5-322/ 16GB/ 512GB/ Windows 11 Home SL + Office + Microsoft),Lenovo,laptop,41490000.0,44990000.0,3500000.0,8.0,,,,phongvu,2026-09-21
883333,260701777,Laptop Asus ROG Strix G16 G614PH-RV176W (Ryzen 9 8940HX/ GeForce RTX™ 5050/ 16GB/ 512GB/ Windows 11 Home),Asus,laptop,49990000.0,49990000.0,0.0,0.0,,,,phongvu,2026-09-21
885287,260703453,"Laptop Lenovo V15 G5 IRL - 83HF00BYVN (i5-13420H/ 16GB/ 512GB/ Windows 11 Home SL, English)",Lenovo,laptop,24990000.0,25690000.0,700000.0,3.0,,,,phongvu,2026-09-21
885297,260703460,Laptop Lenovo ThinkPad E14 Gen 7 - 21T90025VN (Core 7 240H/ 16GB/ 512GB/ Windows 11 Home SL),Lenovo,laptop,34190000.0,35990000.0,1800000.0,5.0,,,,phongvu,2026-09-21
885304,260703468,Laptop Lenovo ThinkPad T14s Gen 6 - 21QX00LJVN (Ultra 5-228V/ 32GB/ 1TB/ Windows 11 Pro),Lenovo,laptop,50990000.0,50990000.0,0.0,0.0,,,,phongvu,2026-09-21
886573,260704564,Laptop Acer Nitro ProPanel ANV15-52-556L (Core 5 210H/ GeForce RTX™ 5050/ 16GB/ 512GB/ Windows 11 Home SL),Acer,laptop,38990000.0,39990000.0,1000000.0,3.0,,,,phongvu,2026-09-21
886584,260704571,Laptop Acer Nitro ProPanel AN16S-61-R7ZJ (Ryzen AI 7 350/ GeForce RTX™ 5060/ 16GB/ 512GB/ Windows 11 Home SL),Acer,laptop,51990000.0,51990000.0,0.0,0.0,,,,phongvu,2026-09-21
886591,260704577,Laptop Dell 15 DC15250 - CPH993 (Core 3 100U/ 8GB/ 512GB/ Windows 11 Home SL + Office),Dell,laptop,22590000.0,22590000.0,0.0,0.0,,,,phongvu,2026-09-21
886598,260704585,Laptop Dell 15 DC15250 - CPH995 (i5-1334U/ 16GB/ 512GB/ Windows 11 Home SL + Office),Dell,laptop,30690000.0,30690000.0,0.0,0.0,,,,phongvu,2026-09-21
886602,260704589,Laptop Asus Zenbook 14 UX3405CA-ST1713W (Ultra 5-225H/ 16GB/ 512GB/ Windows 11 Home),Asus,laptop,29990000.0,38990000.0,9000000.0,23.0,,,,phongvu,2026-09-21
886606,260704593,Laptop Dell 15 DC15250 - CPH996 (i7-1355U/ 16GB/ 1TB/ Windows 11 Home SL + Office),Dell,laptop,39590000.0,39590000.0,0.0,0.0,,,,phongvu,2026-09-21
886610,260704596,Laptop Asus Zenbook 14 UX3405CA-ST630W (Ultra 7-255H/ 16GB/ 512GB/ Windows 11 Home),Asus,laptop,36490000.0,40990000.0,4500000.0,11.0,,,,phongvu,2026-09-21
886612,260704599,Laptop Dell 15 DC15255 - X9YM42 (Ryzen 7 7730U/ 16GB/ 1TB/ Win 11 Home SL + Office),Dell,laptop,30690000.0,30690000.0,0.0,0.0,,,,phongvu,2026-09-21
886614,260704600,Laptop Acer Nitro ProPanel ANV15-42-R9EH (Ryzen 7 7445HS/ GeForce RTX™ 4050/ 16GB/ 512GB/ Windows 11 Home SL),Acer,laptop,35990000.0,38990000.0,3000000.0,8.0,,,,phongvu,2026-09-21
887685,260705543,Laptop Dell 15 DC15250 – 71100514 (i5-1334U/ 16GB/ 512GB/ Windows 11 Home SL + Office + Microsoft),Dell,laptop,27990000.0,30090000.0,2100000.0,7.0,,,,phongvu,2026-09-21
888140,260705959,Laptop Lenovo ThinkPad P16v Gen 3 - 21RS0045VN (Ultra 7-255H/ NVIDIA® RTX PRO 2000/ 64GB/ 1TB/ Windows 11 Pro),Lenovo,laptop,126690000.0,126690000.0,0.0,0.0,,,,phongvu,2026-09-21
888149,260705966,Laptop Msi Modern 14S AI+ G3MG-050VN (Ultra 7-355/ 16GB/ 1TB/ Windows 11 Home),Msi,laptop,36490000.0,36490000.0,0.0,0.0,,,,phongvu,2026-09-21
888156,260705974,Laptop Asus Vivobook S14 S3407VA-LY147W (Core 5 210H/ 16GB/ 512GB/ Windows 11 Home),Asus,laptop,34990000.0,34990000.0,0.0,0.0,,,,phongvu,2026-09-21
888165,260705985,Laptop Asus Vivobook S16 S5652MA-TK094W (Core 7 350/ 16GB/ 512GB/ Windows 11 Home),Asus,laptop,36990000.0,36990000.0,0.0,0.0,,,,phongvu,2026-09-21
888175,260705993,Laptop Asus Zenbook 14 UX3405CA-ST1531W (Ultra 9-285H/ 16GB/ 512GB/ Windows 11 Home),Asus,laptop,42990000.0,42990000.0,0.0,0.0,,,,phongvu,2026-09-21
888183,260706001,Laptop Asus TUF Gaming F16 FX607VJR-TU320W (Core 5 205H/ GeForce RTX™ 3050/ 16GB/ 512GB/ Windows 11 Home),Asus,laptop,39990000.0,39990000.0,0.0,0.0,,,,phongvu,2026-09-21
888191,260706009,Laptop Asus TUF Gaming F16 FX607VJR-TU328W (Core 7 230H/ GeForce RTX™ 3050/ 16GB/ 512GB/ Windows 11 Home),Asus,laptop,43990000.0,43990000.0,0.0,0.0,,,,phongvu,2026-09-21
888199,260706016,Laptop Asus TUF Gaming 16 FX610JH-TU008W (i5-14450HX/ GeForce RTX™ 5050/ 16GB/ 512GB/ Windows 11 Home),Asus,laptop,43990000.0,43990000.0,0.0,0.0,,,,phongvu,2026-09-21
888206,260706024,Laptop Asus TUF Gaming 16 FX610JH-TU009W (i7-14650HX/ GeForce RTX™ 5050/ 16GB/ 512GB/ Windows 11 Home),Asus,laptop,47990000.0,47990000.0,0.0,0.0,,,,phongvu,2026-09-21
888212,260706029,Laptop Asus TUF Gaming 16 FX610JM-TU004W (i7-14650HX/ GeForce RTX™ 5060/ 16GB/ 512GB/ Windows 11 Home),Asus,laptop,52990000.0,52990000.0,0.0,0.0,,,,phongvu,2026-09-21
888213,260706030,Laptop Lenovo ThinkPad P16v Gen 3 - 21RS0043VA (Ultra 7-255H/ NVIDIA® RTX PRO 2000/ 64GB/ 1TB/ No OS),Lenovo,laptop,107290000.0,107290000.0,0.0,0.0,,,,phongvu,2026-09-21
888214,260706031,Laptop Asus ROG Zephyrus G16 GU605CP-QR115W (Ultra 7-255H/ GeForce RTX™ 5070/ 16GB/ 512GB/ Windows 11 Home),Asus,laptop,74990000.0,74990000.0,0.0,0.0,,,,phongvu,2026-09-21
890602,260801469,Laptop Acer Swift Air 14 SFA14-I31-55NR (Core 5 320/ 12GB/ 512GB/ Windows 11 Home),Acer,laptop,24990000.0,24990000.0,0.0,0.0,,,,phongvu,2026-09-21
890611,260801476,Laptop Acer Predator Helios Neo PHN16-I71-9779 (Ultra 9-290HX Plus/ GeForce RTX™ 5070/ 64GB/ 2TB/ Windows 11 Home),Acer,laptop,109990000.0,109990000.0,0.0,0.0,,,,phongvu,2026-09-21
890625,260801494,Laptop Asus Vivobook 14 X1407CA-LY203W (Ultra 5-225H/ 16GB/ 512GB/ Windows 11 Home),Asus,laptop,33490000.0,33490000.0,0.0,0.0,,,,phongvu,2026-09-21
890638,260801499,Laptop Asus Zenbook 14 UM3406GA-QD075W (Ryzen AI 7 445/ 16GB/ 512GB/ Windows 11 Home),Asus,laptop,39990000.0,39990000.0,0.0,0.0,,,,phongvu,2026-09-21
890642,260801505,Laptop HP 15-fd2184TU - DP2C1PA (Ultra 7-255U/ 16GB/ 512GB/ Windows 11 Home SL),HP,laptop,35990000.0,35990000.0,0.0,0.0,,,,phongvu,2026-09-21
890645,260801507,Laptop Asus TUF Gaming A14 FA401UH-RG001W (Ryzen 7 260/ GeForce RTX™ 5050/ 16GB/ 512GB/ Windows 11 Home),Asus,laptop,49990000.0,49990000.0,0.0,0.0,,,,phongvu,2026-09-21
890651,260801512,Laptop Msi Modern 16S G3MG-016VN (Core 7 350/ 16GB/ 1TB/ Windows 11 Home),Msi,laptop,33490000.0,33490000.0,0.0,0.0,,,,phongvu,2026-09-21
890653,260801516,Laptop Asus ROG Strix SCAR 18 G835LXG-TQ473W (Ultra 9-290HX Plus/ GeForce RTX™ 5090/ 64GB/ 2TB/ Windows 11 Home),Asus,laptop,179990000.0,179990000.0,0.0,0.0,,,,phongvu,2026-09-21
890658,260801521,Laptop Msi Modern 16S AI+ G3MG-058VN (Ultra 7-355/ 32GB/ 1TB/ Windows 11 Home),Msi,laptop,44990000.0,44990000.0,0.0,0.0,,,,phongvu,2026-09-21
890668,260801531,Laptop Acer Aspire Go 14 AI AG14-I71M-977M (Ultra 9-185H/ 16GB/ 512GB/ Windows 11 Home SL),Acer,laptop,29990000.0,29990000.0,0.0,0.0,,,,phongvu,2026-09-21
890676,260801536,Laptop Acer Swift Air 14 SFA14-I31-52BV (Core 5 320/ 12GB/ 512GB/ Windows 11 Home),Acer,laptop,24990000.0,24990000.0,0.0,0.0,,,,phongvu,2026-09-21
890706,260801559,Laptop Acer Swift Air 14 SFA14-I31-54A2 (Core 5 320/ 12GB/ 512GB/ Windows 11 Home),Acer,laptop,24990000.0,24990000.0,0.0,0.0,,,,phongvu,2026-09-21
890763,260801615,Laptop Asus ExpertBook P3 G1 P3606CCAP-U716S8W (Ultra 7-255H/ 16GB/ 512GB/ Windows 11 Home),Asus,laptop,34990000.0,34990000.0,0.0,0.0,,,,phongvu,2026-09-21
891731,260802535,Laptop Asus Vivobook S16 S3607CA-SH083WS (Core Ultra 7-255H) (Xám) - Demo,Asus,laptop,27990000.0,27990000.0,0.0,0.0,,,,phongvu,2026-09-21
891732,260802536,Laptop Asus TUF Gaming F16 FX608JH-RV039W (i5-13450HX) (Xám) - Demo,Asus,laptop,33390000.0,33390000.0,0.0,0.0,,,,phongvu,2026-09-21
891783,260802587,Laptop Asus TUF Gaming F16 FX608JH-RV039W (i5-13450HX) (Xám) - Demo,Asus,laptop,33390000.0,33390000.0,0.0,0.0,,,,phongvu,2026-09-21
891789,260802593,Laptop Asus Gaming V16 V3607VU-RP343W (Core 5- 210H) (Đen) - Demo,Asus,laptop,26990000.0,26990000.0,0.0,0.0,,,,phongvu,2026-09-21
891795,260802599,Laptop Asus Vivobook S16 S3607CA-SH083WS (Core Ultra 7-255H) (Xám) - Demo,Asus,laptop,27990000.0,27990000.0,0.0,0.0,,,,phongvu,2026-09-21
891796,260802600,Laptop Asus Gaming V16 V3607VU-RP343W (Core 5- 210H) (Đen) - Demo,Asus,laptop,24990000.0,26990000.0,2000000.0,7.0,,,,phongvu,2026-09-21
891802,260802606,Laptop Asus TUF Gaming F16 FX608JH-RV039W (i5-13450HX) (Xám) - Demo,Asus,laptop,33390000.0,33390000.0,0.0,0.0,,,,phongvu,2026-09-21
891809,260802613,Laptop Asus TUF Gaming F16 FX608JH-RV039W (i5-13450HX) (Xám) - Demo,Asus,laptop,33390000.0,33390000.0,0.0,0.0,,,,phongvu,2026-09-21
891811,260802615,Laptop Asus TUF Gaming F16 FX608JH-RV039W (i5-13450HX) (Xám) - Demo,Asus,laptop,33390000.0,33390000.0,0.0,0.0,,,,phongvu,2026-09-21
891819,260802623,Laptop Asus Vivobook S16 S3607CA-SH083WS (Core Ultra 7-255H) (Xám) - Demo,Asus,laptop,22990000.0,27990000.0,5000000.0,18.0,,,,phongvu,2026-09-21
891823,260802627,Laptop Asus Vivobook S16 S3607CA-SH083WS (Core Ultra 7-255H) (Xám) - Demo,Asus,laptop,22990000.0,27990000.0,5000000.0,18.0,,,,phongvu,2026-09-21
891824,260802628,Laptop Asus Gaming V16 V3607VU-RP343W (Core 5- 210H) (Đen) - Demo,Asus,laptop,24990000.0,26990000.0,2000000.0,7.0,,,,phongvu,2026-09-21
891825,260802629,Laptop Asus TUF Gaming F16 FX608JH-RV039W (i5-13450HX) (Xám) - Demo,Asus,laptop,33390000.0,33390000.0,0.0,0.0,,,,phongvu,2026-09-21
891830,260802634,Laptop Asus Vivobook S S3407CA-LY095WS (Core Ultra 5-225H) (Xám) - Demo,Asus,laptop,22990000.0,22990000.0,0.0,0.0,,,,phongvu,2026-09-21
891832,260802636,Laptop Asus Vivobook S16 S3607CA-SH083WS (Core Ultra 7-255H) (Xám) - Demo,Asus,laptop,22990000.0,27990000.0,5000000.0,18.0,,,,phongvu,2026-09-21
891835,260802639,Laptop Asus TUF Gaming F16 FX608JH-RV039W (i5-13450HX) (Xám) - Demo,Asus,laptop,33390000.0,33390000.0,0.0,0.0,,,,phongvu,2026-09-21
891849,260802653,Laptop Asus Vivobook S S3407CA-LY095WS (Core Ultra 5-225H) (Xám) - Demo,Asus,laptop,22990000.0,22990000.0,0.0,0.0,,,,phongvu,2026-09-21
891858,260802662,Laptop Asus Vivobook S16 S3607CA-SH083WS (Core Ultra 7-255H) (Xám) - Demo,Asus,laptop,22990000.0,27990000.0,5000000.0,18.0,,,,phongvu,2026-09-21
891859,260802663,Laptop Asus TUF Gaming F16 FX608JH-RV039W (i5-13450HX) (Xám) - Demo,Asus,laptop,33390000.0,33390000.0,0.0,0.0,,,,phongvu,2026-09-21
891884,260802688,Laptop Asus TUF Gaming F16 FX608JH-RV039W (i5-13450HX) (Xám) - Demo,Asus,laptop,33390000.0,33390000.0,0.0,0.0,,,,phongvu,2026-09-21
891886,260802690,Laptop Asus Vivobook S S3407CA-LY095WS (Core Ultra 5-225H) (Xám) - Demo,Asus,laptop,18990000.0,22990000.0,4000000.0,17.0,,,,phongvu,2026-09-21
891887,260802691,Laptop Asus Gaming V16 V3607VU-RP343W (Core 5- 210H) (Đen) - Demo,Asus,laptop,24990000.0,26990000.0,2000000.0,7.0,,,,phongvu,2026-09-21
891888,260802692,Laptop Asus Vivobook S16 S3607CA-SH083WS (Core Ultra 7-255H) (Xám) - Demo,Asus,laptop,27990000.0,27990000.0,0.0,0.0,,,,phongvu,2026-09-21
891949,260802752,Laptop Asus Vivobook S16 S3607CA-SH083WS (Core Ultra 7-255H) (Xám) - Demo,Asus,laptop,22990000.0,27990000.0,5000000.0,18.0,,,,phongvu,2026-09-21
892704,260803513,Laptop Lenovo IdeaPad Slim 3 14IPH11 - 83UQ006TVN (Ultra 5-322/ 16GB/ 512GB/ Windows 11 Home + Office + Microsoft),Lenovo,laptop,31990000.0,32990000.0,1000000.0,3.0,,,,phongvu,2026-09-21
892716,260803520,Laptop Lenovo IdeaPad Slim 5 14AKP10 - 83HX00F5VN (Ryzen AI 5 330/ 16GB/ 512GB/ Windows 11 Home + Office + Microsoft),Lenovo,laptop,33990000.0,34990000.0,1000000.0,3.0,,,,phongvu,2026-09-21
892723,260803528,Laptop Acer Aspire Lite 14 AL14-47P-R0TR (Ryzen 5 3500U/ 16GB/ 512GB/ Windows 11 Home),Acer,laptop,19990000.0,19990000.0,0.0,0.0,,,,phongvu,2026-09-21
892732,260803539,Laptop Acer Aspire Lite 14 AI AL14-57P-59HB (Core 5 320/ 16GB/ 512GB/ Windows 11 Home),Acer,laptop,24990000.0,24990000.0,0.0,0.0,,,,phongvu,2026-09-21
892743,260803546,Laptop Acer Aspire Lite 15 AL15-21P-R87W (Ryzen 3 30/ 8GB/ 512GB/ Windows 11 Home SL),Acer,laptop,18990000.0,18990000.0,0.0,0.0,,,,phongvu,2026-09-21
892750,260803553,Laptop Acer Aspire Lite 15 AL15-410P-R1W8 (Ryzen 5 3500U/ 8GB/ 512GB/ Windows 11 Home),Acer,laptop,19990000.0,19990000.0,0.0,0.0,,,,phongvu,2026-09-21
892758,260803562,Laptop Acer Gaming Nitro ProPanel ANV15-52-78MD (Core 7 240H/ GeForce RTX™ 5050/ 16GB/ 512GB/ Windows 11 Home SL),Acer,laptop,42990000.0,42990000.0,0.0,0.0,,,,phongvu,2026-09-21
892767,260803571,Laptop Acer Predator Helios Neo 16 PHN16-I31-91K5 (i9-14900HX/ GeForce RTX™ 5070/ 32GB/ 1TB/ Windows 11 Home),Acer,laptop,91990000.0,91990000.0,0.0,0.0,,,,phongvu,2026-09-21
892770,260803572,Laptop Asus ExpertBook P3 G1 P3406CCAP-U516W (Ultra 5-225H/ 16GB/ 512GB/ Windows 11 Home),Asus,laptop,29990000.0,29990000.0,0.0,0.0,,,,phongvu,2026-09-21
892776,260803578,Laptop Acer Predator Helios 18 AI PH18-I71-91UX (Ultra 9-290HX Plus/ GeForce RTX™ 5080/ 64GB/ 3TB/ Windows 11 Home),Acer,laptop,181990000.0,181990000.0,0.0,0.0,,,,phongvu,2026-09-21
892777,260803581,Laptop Gigabyte Gaming A16 - CVHI3MY893SH (i7-13620H/ GeForce RTX™ 5060/ 16GB/ 512GB/ Windows 11 Home SL),Gigabyte,laptop,37990000.0,39990000.0,2000000.0,5.0,,,,phongvu,2026-09-21
892787,260803589,Laptop Lenovo IdeaPad Slim 3 14IWC11 - 83RQ00DBVN (Core 3 304/ 8GB/ 512GB/ Windows 11 Home + Office + Microsoft),Lenovo,laptop,24990000.0,24990000.0,0.0,0.0,,,,phongvu,2026-09-21
892791,260803593,Laptop Lenovo IdeaPad Slim 3 16IWC11 - 83RS001NVN (Core 5 320/ 16GB/ 512GB/ Windows 11 Home SL),Lenovo,laptop,22990000.0,25990000.0,3000000.0,12.0,,,,phongvu,2026-09-21
894418,260805116,Laptop Msi Prestige 14 Flip AI+ Vincent van Gogh Edition 14T235-259VN (Ultra X9-378H/ 32GB/ 1TB/ Windows 11 Home),Msi,laptop,59990000.0,59990000.0,0.0,0.0,,,,phongvu,2026-09-21
894419,260805117,Laptop Msi Prestige 14 Flip AI+ Vincent van Gogh Edition 14T234-260VN (Ultra X9-378H/ 32GB/ 1TB/ Windows 11 Home),Msi,laptop,59990000.0,59990000.0,0.0,0.0,,,,phongvu,2026-09-21
894698,260805394,Laptop Acer Gaming Aspire 7 A715-59G-59RD (Core 5 210H/ GeForce RTX™ 3050/ 16GB/ 512GB/ Windows 11 Home SL),Acer,laptop,25990000.0,27990000.0,2000000.0,7.0,,,,phongvu,2026-09-21
894697,260805395,Laptop Gigabyte Gaming Eagle - 9LJR2VNF93SH (Ryzen 5 7533HS/ GeForce RTX™ 3050/ 16GB/ 512GB/ Windows 11 Home SL),Gigabyte,laptop,29990000.0,30990000.0,1000000.0,3.0,,,,phongvu,2026-09-21
894699,260805396,Laptop Gigabyte Gaming Eagle - 9MJR2VNF93SH (Ryzen 5 7533HS/ GeForce RTX™ 4050/ 16GB/ 512GB/ Windows 11 Home SL),Gigabyte,laptop,31990000.0,33490000.0,1500000.0,4.0,,,,phongvu,2026-09-21
895197,260805895,Laptop Asus V16 V3607VU-TK416W (Core 5 210H/ GeForce RTX™ 4050/ 16GB/ 512GB/ Windows 11 Home),Asus,laptop,41990000.0,41990000.0,0.0,0.0,,,,phongvu,2026-09-21
895204,260805903,Laptop Msi Cyborg 15 Max C13WF-421VN (i7-13620H/ GeForce RTX™ 5060/ 8GB/ 512GB/ Windows® 11 Home),Msi,laptop,44990000.0,44990000.0,0.0,0.0,,,,phongvu,2026-09-21
896920,260901533,Laptop Acer Gaming Aspire 7 A715-59G-53RH (Core 5 210H/ GeForce RTX™ 4050/ 16GB/ 512GB/ Windows 11 Home),Acer,laptop,29990000.0,33990000.0,4000000.0,12.0,,,,phongvu,2026-09-21
896921,260901534,Laptop Asus Vivobook 14 X1404MA-EB027W (Core 3 304/ 8GB/ 512GB/ Windows 11 Home),Asus,laptop,17990000.0,22990000.0,5000000.0,22.0,,,,phongvu,2026-09-21
896923,260901535,Laptop Asus ROG Zephyrus G16 GU605CP-QR141W (Ultra 7-255H/ GeForce RTX™ 5070/ 32GB/ 512GB/ Windows 11 Home),Asus,laptop,83990000.0,83990000.0,0.0,0.0,,,,phongvu,2026-09-21
896922,260901536,Laptop Asus Vivobook 14 X1404MA-EB028W (Core 5 320/ 16GB/ 512GB/ Windows 11 Home),Asus,laptop,23990000.0,31990000.0,8000000.0,25.0,,,,phongvu,2026-09-21
896986,260901602,Laptop Acer Predator Triton Neo 16 PTN16-51-78JQ (Ultra 7-155H/ GeForce RTX™ 4060/ 32GB/ 2TB/ Windows 11 Home SL),Acer,laptop,51990000.0,51990000.0,0.0,0.0,,,,phongvu,2026-09-21
896996,260901609,Laptop Acer Aspire Lite 15 AL15-411P-R7YP (Ryzen 3 3200U/ 8GB/ 256GB/ Windows 11 Home),Acer,laptop,15990000.0,15990000.0,0.0,0.0,,,,phongvu,2026-09-21
897011,260901626,Laptop Acer Nitro ProPanel ANV16-I51-71MF (Ultra 7-355/ GeForce RTX™ 5070/ 32GB/ 512GB/ Windows 11 Home),Acer,laptop,76990000.0,76990000.0,0.0,0.0,,,,phongvu,2026-09-21
897021,260901635,Laptop Msi Crosshair A16 HX MLG Edition E8WFK - 067VN (Ryzen 9 8940HX/ GeForce RTX™ 5060/ 16GB/ 1TB/ Windows 11 Home),Msi,laptop,59990000.0,59990000.0,0.0,0.0,,,,phongvu,2026-09-21
897031,260901644,Laptop Msi Crosshair A16 HX MLG Edition E8WGK - 093VN (Ryzen 9 8940HX/ GeForce RTX™ 5070/ 16GB/ 1TB/ Windows 11 Home),Msi,laptop,65990000.0,65990000.0,0.0,0.0,,,,phongvu,2026-09-21
897115,260901725,Laptop Dell XPS 13 DX13260 TNR9K (Core 5 320/ 16GB/ 512GB/ Windows 11 + Office + Microsoft),Dell,laptop,46990000.0,46990000.0,0.0,0.0,,,,phongvu,2026-09-21
897123,260901734,Laptop Asus Vivobook S16 S5608QA-MB354W (Snapdragon X X1 26 101/ 16GB/ 512GB/ Windows 11 Home),Asus,laptop,29990000.0,29990000.0,0.0,0.0,,,,phongvu,2026-09-21
897132,260901744,Laptop Asus ExpertBook P1 P1503CVAY-308D4256-50W (Core 3 100U/ 8GB/ 256GB/ Windows 11 Home),Asus,laptop,14990000.0,14990000.0,0.0,0.0,,,,phongvu,2026-09-21
897142,260901751,Laptop Asus ExpertBook P1 P1503CVAY-716D4-50W (Core 7 240H/ 16GB/ 512GB/ Windows 11 Home),Asus,laptop,27490000.0,27490000.0,0.0,0.0,,,,phongvu,2026-09-21
897149,260901761,Laptop Asus ExpertBook P3 G1 P3606CCAP-U516S8W (Ultra 5-225H/ 16GB/ 512GB/ Windows 11 Home),Asus,laptop,29990000.0,29990000.0,0.0,0.0,,,,phongvu,2026-09-21
897157,260901767,Laptop Asus ExpertBook P3 G1 P3406CCAP-U516S8W (Ultra 5-225H/ 16GB/ 512GB/ Windows 11 Home),Asus,laptop,29990000.0,29990000.0,0.0,0.0,,,,phongvu,2026-09-21
897162,260901771,Laptop Asus ROG Strix SCAR 18 G835LWG-TQ383W (Ultra 9-290HX Plus/ GeForce RTX™ 5080/ 32GB/ 2TB/ Windows 11 Home),Asus,laptop,139990000.0,139990000.0,0.0,0.0,,,,phongvu,2026-09-21
897178,260901786,Laptop Acer Nitro ProPanel AN16S-61-R9CN - 32GB (Ryzen AI 7 350/ GeForce RTX™ 5070/ 32GB/ 512GB/ Windows 11 Home SL),Acer,laptop,62990000.0,62990000.0,0.0,0.0,,,,phongvu,2026-09-21
