product_id,sku,screen_size_inch,resolution,refresh_rate_hz,panel_type,response_time_ms
1729,1404339,19.5,,60.0,TN,5.0
7442,1502539,19.5,,60.0,TN,5.0
7442,1503218,18.5,,60.0,TN,5.0
7442,1600185,21.5,Full HD,60.0,TN,5.0
7405,1601383,23.5,Full HD,60.0,PLS,4.0
1881,1602072,27.0,Full HD,60.0,VA,4.0
34842,1810783,19.5,,60.0,TN,5.0
38053,18120287,23.8,Full HD,75.0,IPS,5.0
39568,19040030,27.0,Full HD,60.0,VA,4.0
644035,19060085,27.0,2K,60.0,IPS,5.0
55177,191007010,31.5,,60.0,IPS,5.0
59669,200200451,27.0,Full HD,280.0,IPS,1.0
59779,200200554,23.8,Full HD,75.0,IPS,5.0
60542,200201227,21.5,Full HD,75.0,IPS,5.0
64915,200400872,29.0,,75.0,IPS,5.0
591659,200500537,19.5,,60.0,TN,5.0
39568,200600633,31.5,Full HD,75.0,VA,4.0
644189,200600782,27.0,2K,165.0,VA,1.0
622110,200601200,24.0,,75.0,IPS,5.0
622111,200601201,27.0,2K,75.0,IPS,5.0
69289,200700260,27.0,2K,75.0,IPS,5.0
643807,200700263,21.5,Full HD,60.0,TN,5.0
77255,200900219,27.0,Full HD,75.0,IPS,5.0
128351,201200061,27.0,Full HD,75.0,IPS,8.0
139631,201200062,27.0,Full HD,144.0,IPS,1.0
137427,201201627,34.0,,144.0,VA,1.0
644009,210200899,20.7,Full HD,60.0,TN,5.0
178038,210301233,27.0,,60.0,IPS,5.0
189747,210400403,23.8,2K,75.0,IPS,5.0
205393,210404451,24.0,,,,
205468,210404526,,,,,
220251,210501422,27.0,Full HD,75.0,IPS,5.0
228856,210501811,27.0,Full HD,165.0,VA,1.0
643985,210501844,27.0,2K,170.0,IPS,0.5
228889,210501845,32.0,2K,165.0,IPS,0.8
228891,210501847,31.5,2K,165.0,IPS,1.0
228894,210501849,48.0,,120.0,VA,1.0
229043,210502059,24.5,Full HD,240.0,IPS,1.0
229044,210502060,27.0,Full HD,144.0,IPS,1.0
237957,210502582,23.8,Full HD,60.0,IPS,5.0
258865,210601396,32.0,Full HD,60.0,VA,8.0
263846,210601738,18.5,,60.0,TN,5.0
644187,210601996,27.0,Full HD,75.0,IPS,5.0
644154,210602226,23.8,Full HD,75.0,IPS,4.0
272318,210602227,24.0,,60.0,IPS,5.0
644153,210602229,27.0,Full HD,75.0,IPS,4.0
644155,210602230,27.0,,60.0,IPS,4.0
276635,210602367,34.0,,165.0,VA,1.0
296778,210700008,27.0,2K,170.0,IPS,1.0
644159,210801069,23.8,2K,75.0,IPS,4.0
365743,210801070,23.8,Full HD,75.0,IPS,4.0
376883,210900501,34.0,,60.0,IPS,5.0
376886,210900504,37.5,QHD,60.0,IPS,5.0
377253,210900553,23.8,Full HD,60.0,IPS,5.0
377254,210900554,34.0,,60.0,IPS,5.0
377260,210900560,27.0,Full HD,165.0,VA,1.0
643809,210900611,27.0,2K,60.0,IPS,5.0
388089,211001503,23.6,Full HD,60.0,,8.0
390025,211002912,23.8,Full HD,75.0,IPS,5.0
644156,211101724,31.5,,60.0,VA,4.0
397315,211101726,23.8,Full HD,60.0,IPS,5.0
398786,211103371,27.0,Full HD,165.0,VA,1.0
404408,211109625,23.8,Full HD,60.0,IPS,5.0
407304,211202194,32.0,1920 x 1080,60.0,VA,8.0
407563,211202450,27.0,Full HD,75.0,IPS,1.0
407966,211203640,27.0,Full HD,240.0,VA,1.0
410159,211209689,27.0,2K,75.0,IPS,4.0
644148,211210634,22.0,Full HD,60.0,VA,5.0
644151,220200735,23.8,Full HD,60.0,IPS,8.0
416681,220202583,28.0,2K,60.0,IPS,4.0
128608,220300510,31.5,Full HD,165.0,VA,1.0
420576,220400349,31.5,Full HD,75.0,IPS,4.0
420959,220401044,31.5,2K,165.0,VA,2.0
420960,220401045,31.5,Full HD,165.0,VA,5.0
420962,220401047,27.0,Full HD,165.0,IPS,1.0
420964,220401049,27.0,Full HD,240.0,IPS,1.0
420966,220401051,23.8,2K,60.0,IPS,5.0
420967,220401052,27.0,2K,60.0,IPS,5.0
424636,220503008,34.0,2K,144.0,VA,1.0
432208,220605606,30.0,,200.0,VA,1.0
432209,220605607,29.5,,220.0,IPS,1.0
437240,220609199,32.0,2K,75.0,IPS,4.0
437242,220609201,23.8,Full HD,60.0,IPS,5.0
437651,220609614,24.5,Full HD,360.0,IPS,3.0
437840,220609871,27.0,2K,75.0,VA,4.0
437892,220609924,27.0,2K,165.0,VA,1.0
441012,220700392,14.0,Full HD,60.0,IPS,6.0
441013,220700393,27.0,2K,60.0,IPS,8.0
441014,220700394,27.0,2K,75.0,IPS,4.0
441015,220700395,27.0,2K,75.0,IPS,8.0
441016,220700396,27.0,Full HD,60.0,IPS,8.0
441053,220700424,32.0,2K,175.0,IPS,1.0
441054,220700425,27.0,2K,165.0,IPS,1.0
441239,220700536,24.0,Full HD,75.0,VA,4.0
442458,220706572,27.0,,60.0,IPS,5.0
442466,220706581,29.0,,75.0,IPS,4.0
442596,220706668,23.8,Full HD,75.0,IPS,5.0
443171,220800093,23.6,Full HD,75.0,IPS,3.0
644050,220802043,21.5,Full HD,75.0,IPS,5.0
445794,220802044,23.8,Full HD,75.0,IPS,5.0
445987,220802197,23.8,Full HD,2422.0,IPS,4.0
445990,220802200,30.0,,60.0,IPS,5.0
447780,220805992,32.0,,60.0,VA,4.0
458576,220908261,27.0,Full HD,60.0,IPS,8.0
464182,220920751,27.0,Full HD,75.0,IPS,4.0
597141,221002845,21.45,Full HD,60.0,VA,5.0
466928,221003426,,,,,
467958,221100446,55.0,,165.0,VA,1.0
644116,221101488,25.0,Full HD,240.0,IPS,1.0
644117,221101489,27.0,Full HD,240.0,IPS,1.0
468857,221101490,32.0,,60.0,IPS,5.0
470392,221201148,27.0,Full HD,75.0,IPS,5.0
471206,221201945,27.0,Full HD,170.0,VA,1.0
471321,221202061,27.0,2K,75.0,IPS,1.0
495101,230104455,32.0,2K,75.0,IPS,4.0
500297,230201390,34.0,,175.0,OLED,0.1
644107,230201392,23.8,Full HD,170.0,IPS,1.0
500829,230201967,23.8,Full HD,60.0,IPS,5.0
643915,230300162,21.5,Full HD,75.0,IPS,5.0
504833,230300169,15.6,Full HD,60.0,IPS,5.0
504834,230300170,15.6,Full HD,60.0,IPS,6.5
644113,230300172,22.0,Full HD,75.0,IPS,5.0
507331,230302873,34.0,,100.0,VA,1.0
507336,230302878,27.9,Full HD,60.0,IPS,4.0
508191,230304172,23.8,Full HD,75.0,IPS,5.0
508998,230400174,27.0,,60.0,IPS,5.0
509000,230400176,23.8,Full HD,60.0,IPS,5.0
509001,230400177,27.0,Full HD,60.0,IPS,5.0
509691,230400871,27.0,Full HD,165.0,VA,1.0
644100,230400874,23.8,Full HD,75.0,VA,4.0
644105,230400875,27.0,Full HD,75.0,VA,4.0
644119,230400878,23.8,Full HD,75.0,IPS,4.0
597143,230400879,23.8,Full HD,60.0,VA,5.0
510887,230401797,55.0,,144.0,IPS,9.0
510984,230401897,23.8,Full HD,75.0,IPS,4.0
511671,230402298,27.0,Full HD,75.0,IPS,5.0
512611,230402444,34.0,,144.0,IPS,1.0
512856,230402696,27.0,2K,75.0,IPS,5.0
513484,230500316,27.0,,144.0,IPS,1.0
513527,230500359,27.0,Full HD,165.0,IPS,1.0
513531,230500363,27.0,2K,60.0,IPS,5.0
514750,230502050,27.0,Full HD,180.0,VA,1.0
514751,230502051,31.5,Full HD,240.0,VA,1.0
514754,230502054,23.8,Full HD,75.0,IPS,5.0
515105,230502471,32.0,,60.0,VA,4.0
515913,230600778,23.8,Full HD,165.0,IPS,1.0
515914,230600779,27.0,2K,170.0,IPS,1.0
516309,230602349,27.0,2K,165.0,VA,1.0
517895,230604092,21.45,Full HD,75.0,VA,4.0
519626,230701231,32.0,Full HD,240.0,VA,1.0
521849,230703324,55.0,,,VA,8.0
523426,230800427,23.8,Full HD,180.0,IPS,1.0
523429,230800430,21.45,Full HD,75.0,VA,5.0
525681,230803165,23.8,Full HD,270.0,IPS,1.0
525861,230803481,27.0,Full HD,100.0,IPS,1.0
527505,230901010,23.8,,,,
528504,230903174,24.5,Full HD,380.0,IPS,1.0
528601,230903274,27.0,Full HD,100.0,IPS,1.0
529324,230904148,18.5,,60.0,TN,5.0
531056,231002099,21.5,Full HD,100.0,IPS,1.0
531058,231002101,27.0,Full HD,180.0,IPS,1.0
531074,231002117,27.0,,60.0,IPS,5.0
532945,231004174,24.5,Full HD,100.0,IPS,1.0
532946,231004175,24.5,Full HD,280.0,IPS,1.0
532947,231004176,24.5,Full HD,240.0,IPS,1.0
532948,231004177,28.0,,144.0,IPS,1.0
532949,231004178,31.5,2K,170.0,VA,1.0
532951,231004180,49.0,,144.0,VA,4.0
644072,231100708,24.0,Full HD,100.0,IPS,4.0
535426,231102959,23.8,Full HD,100.0,IPS,1.0
537380,231200931,23.8,Full HD,100.0,IPS,1.0
538414,231202224,23.8,Full HD,75.0,IPS,5.0
539248,231203207,23.8,Full HD,100.0,IPS,1.0
539249,231203208,27.0,Full HD,100.0,IPS,1.0
539819,231204286,32.0,,144.0,IPS,1.0
541490,240100228,24.5,Full HD,180.0,IPS,1.0
541492,240100230,27.0,2K,180.0,IPS,1.0
541493,240100231,23.8,Full HD,75.0,VA,4.0
542336,240101307,24.0,Full HD,75.0,VA,4.0
543512,240103018,24.1,Full HD,540.0,TN,0.2
543642,240103543,23.8,Full HD,120.0,IPS,5.0
544867,240201117,26.5,2K,240.0,OLED,0.03
545358,240300020,27.0,2K,120.0,IPS,5.0
545633,240300398,27.0,Full HD,100.0,IPS,6.0
545635,240300400,27.0,Full HD,100.0,IPS,1.0
546114,240300981,24.0,1920x1080,75.0,IPS,5.0
547971,240302587,23.8,Full HD,120.0,IPS,5.0
547972,240302588,21.5,Full HD,100.0,IPS,1.0
549010,240400757,23.8,Full HD,100.0,IPS,1.0
549011,240400758,27.0,Full HD,100.0,IPS,1.0
551974,240403812,27.0,2K,180.0,IPS,1.0
551975,240403813,23.8,Full HD,100.0,IPS,1.0
554186,240502387,27.0,Full HD,100.0,IPS,4.0
554188,240502389,27.0,2K,180.0,IPS,0.5
554189,240502390,27.0,2K,180.0,IPS,0.5
554190,240502391,24.5,Full HD,390.0,IPS,0.5
554192,240502393,27.0,,60.0,IPS,5.0
554194,240502395,34.0,,100.0,VA,5.0
554195,240502396,27.0,2K,165.0,VA,1.0
554197,240502398,49.0,QHD,240.0,OLED,0.03
554198,240502399,57.0,UHD,240.0,VA,1.0
556702,240504657,34.0,,180.0,VA,1.0
557172,240504988,27.0,2K,100.0,IPS,1.0
557173,240504989,24.0,Full HD,100.0,IPS,1.0
560801,240602155,23.8,Full HD,100.0,IPS,5.0
561060,240602418,27.0,2K,75.0,IPS,4.0
561105,240602460,27.0,,60.0,IPS,4.0
561106,240602461,27.0,2K,100.0,IPS,1.0
561859,240603305,27.0,,60.0,IPS,4.0
562750,240700514,27.0,,160.0,IPS,1.0
565119,240702971,38.0,QHD,144.0,Nano IPS,1.0
568721,240706620,27.0,Full HD,100.0,IPS,1.0
569241,240800749,24.0,Full HD,180.0,VA,5.0
569239,240800750,23.8,Full HD,100.0,IPS,1.0
569240,240800751,23.8,Full HD,100.0,IPS,5.0
569245,240800752,26.0,Full HD,75.0,IPS,5.0
569243,240800755,34.0,,100.0,VA,5.0
569248,240800758,27.0,Full HD,100.0,IPS,5.0
569250,240800759,25.0,Full HD,60.0,IPS,5.0
569446,240800923,27.0,2K,100.0,IPS,1.0
569816,240802260,27.0,2K,240.0,IPS,1.0
570274,240802757,25.0,Full HD,120.0,IPS,1.0
570815,240803396,49.0,QHD,144.0,OLED,0.03
573867,240900419,27.0,Full HD,165.0,IPS,1.0
574936,240901541,23.8,1920x1080,75.0,IPS,5.0
575058,240901664,27.0,2K,144.0,IPS,5.0
575592,240902432,27.0,Full HD,100.0,IPS,1.0
576713,240903516,27.0,Full HD,180.0,IPS,1.0
576715,240903518,24.0,Full HD,180.0,IPS,1.0
576716,240903519,27.0,2K,240.0,IPS,1.0
576926,240903729,24.5,Full HD,180.0,IPS,0.5
576927,240903730,24.5,Full HD,180.0,IPS,0.5
577645,240904490,,,,,
577676,240904521,,1920 x 1080,75.0,VA,8.0
581656,240908497,86.0,,60.0,IPS,8.0
582685,241000213,15.6,Full HD,60.0,IPS,7.0
584466,241001895,27.0,Full HD,280.0,VA,0.5
585680,241002919,27.0,Full HD,180.0,VA,1.0
586242,241003579,27.0,Full HD,120.0,IPS,1.0
586551,241003817,32.0,2K,180.0,IPS,1.0
586550,241003818,27.0,,60.0,IPS,5.0
586553,241003819,27.0,2K,360.0,OLED,0.03
586554,241003820,27.0,2K,180.0,IPS,1.0
587306,241004520,27.0,,160.0,IPS,1.0
587470,241004685,24.5,Full HD,100.0,IPS,1.0
589981,241101874,21.4,Full HD,75.0,VA,8.0
590505,241103022,27.0,,60.0,IPS,5.0
590574,241103252,43.0,,60.0,VA,4.0
590575,241103253,32.0,,240.0,OLED,0.03
590576,241103254,27.0,,60.0,IPS,5.0
591665,241104670,23.8,Full HD,100.0,IPS,5.0
591784,241104790,27.0,2K,180.0,IPS,1.0
591883,241104881,23.8,1920 x 1080,100.0,IPS,1.0
591890,241104888,23.8,1920x1080,75.0,,
591893,241104891,24.0,1920x1080,75.0,IPS,5.0
591895,241104893,23.8,1920x1080,75.0,,
591902,241104900,23.8,1920x1080,75.0,,
592072,241105092,31.5,Full HD,250.0,VA,1.0
592082,241105100,21.5,Full HD,100.0,IPS,8.0
592091,241105107,27.0,Full HD,100.0,IPS,8.0
592098,241105114,27.0,2K,240.0,IPS,5.0
592124,241105140,23.8,Full HD,120.0,IPS,1.0
592131,241105147,27.0,Full HD,120.0,IPS,1.0
592132,241105148,23.8,Full HD,100.0,IPS,1.0
592136,241105152,27.0,2K,75.0,IPS,5.0
594608,241201663,27.0,Full HD,180.0,VA,1.0
594643,241201696,27.0,Full HD,120.0,IPS,1.0
594649,241201700,27.0,2K,100.0,IPS,1.0
594651,241201702,24.5,Full HD,120.0,IPS,1.0
594654,241201706,27.0,2K,100.0,IPS,1.0
594659,241201711,23.8,Full HD,120.0,IPS,1.0
598625,241206528,27.0,Full HD,180.0,VA,5.0
610961,250111505,23.8,Full HD,100.0,IPS,1.0
615012,250115556,34.0,,120.0,VA,1.0
615126,250115754,27.0,Full HD,120.0,IPS,1.0
615666,250116333,23.8,Full HD,200.0,IPS,1.0
615667,250116334,27.0,Full HD,200.0,IPS,1.0
615916,250116585,27.0,2K,180.0,VA,1.0
616045,250116713,21.5,Full HD,100.0,VA,1.0
617851,250203232,23.8,Full HD,100.0,IPS,8.0
618867,250204610,,,,,
618980,250204731,24.0,Full HD,100.0,IPS,5.0
618983,250204733,27.0,,60.0,IPS,5.0
618984,250204734,24.0,Full HD,120.0,IPS,5.0
643831,250204737,27.0,Full HD,100.0,IPS,5.0
618991,250204741,23.8,Full HD,170.0,IPS,1.0
618997,250204747,27.0,,60.0,IPS,5.0
619942,250206344,27.0,Full HD,180.0,IPS,0.5
621559,250301446,27.0,Full HD,180.0,IPS,1.0
621562,250301447,27.0,Full HD,100.0,IPS,5.0
621560,250301448,24.0,Full HD,180.0,IPS,1.0
621733,250301621,27.0,2K,100.0,IPS,4.0
622186,250302098,27.0,2K,120.0,IPS,8.0
622298,250302216,27.0,2K,100.0,IPS,6.0
622355,250302275,34.0,,180.0,VA,1.0
622364,250302281,24.5,Full HD,200.0,IPS,1.0
622370,250302288,27.0,Full HD,180.0,IPS,1.0
622377,250302295,27.0,2K,180.0,IPS,1.0
622384,250302301,27.0,2K,180.0,IPS,1.0
622398,250302317,32.0,2K,170.0,VA,1.0
625344,250305244,23.8,Full HD,120.0,IPS,4.0
627209,250307087,21.45,Full HD,100.0,VA,5.0
627210,250307088,21.45,Full HD,100.0,VA,7.0
627502,250307384,27.0,Full HD,120.0,IPS,5.0
628343,250308217,22.0,1920 x 1080,75.0,IPS,
628352,250308226,24.0,1920 x 1080,75.0,IPS,
629370,250309233,23.8,Full HD,100.0,IPS,5.0
629366,250309235,27.0,Full HD,180.0,IPS,1.0
629367,250309236,44.5,,240.0,OLED,0.03
632381,250400434,21.5,Full HD,75.0,TN,1.0
633945,250401987,23.8,Full HD,146.0,IPS,1.0
633946,250401988,27.0,Full HD,146.0,IPS,1.0
634035,250402077,23.8,Full HD,100.0,IPS,1.0
634723,250402764,23.8,Full HD,100.0,IPS,4.0
638405,250406416,24.5,Full HD,300.0,IPS,0.5
644749,250412660,27.0,,240.0,OLED,0.03
646035,250413909,27.0,2K,480.0,OLED,0.03
647939,250415799,,1920 x 1080,144.0,IPS,1.0
655948,250504133,27.0,2K,100.0,IPS,5.0
658263,250506441,26.5,2K,240.0,OLED,0.03
662122,250510206,27.0,2K,180.0,IPS,1.0
666209,250512188,24.0,Full HD,75.0,VA,5.0
676231,250520204,,3840 x 2160,60.0,VA,4.0
676241,250520214,32.0,3840 x 2160,144.0,IPS,1.0
676254,250520227,23.8,1920 x 1080,180.0,IPS,1.0
676255,250520228,23.8,1920 x 1080,180.0,IPS,1.0
676259,250520232,23.8,1920 x 1080,180.0,IPS,1.0
676260,250520233,23.8,1920 x 1080,180.0,IPS,1.0
676261,250520234,23.8,1920 x 1080,180.0,IPS,1.0
676265,250520238,23.8,1920 x 1080,100.0,IPS,1.0
676614,250520582,21.45,Full HD,100.0,VA,4.0
676617,250520590,27.0,,60.0,IPS,6.0
676624,250520596,27.0,Full HD,200.0,IPS,0.5
676902,250520870,27.0,Full HD,100.0,IPS,5.0
678932,250601146,27.0,1920 x 1080,75.0,VA,8.0
680497,250602706,21.5,Full HD,100.0,IPS,1.0
711426,250633615,27.0,Full HD,144.0,IPS,0.5
711427,250633616,24.5,Full HD,120.0,IPS,1.0
711430,250633617,27.0,Full HD,100.0,IPS,1.0
711429,250633618,27.0,Full HD,280.0,VA,0.5
711425,250633619,23.8,Full HD,120.0,IPS,1.0
711431,250633620,23.8,Full HD,100.0,IPS,5.0
711433,250633623,27.0,2K,120.0,IPS,1.0
711437,250633625,27.0,Full HD,180.0,IPS,1.0
711435,250633626,24.5,Full HD,300.0,IPS,0.5
711436,250633627,27.0,2K,180.0,IPS,0.5
711439,250633629,24.5,Full HD,120.0,IPS,1.0
711445,250633631,23.8,Full HD,240.0,IPS,1.0
711443,250633632,27.0,Full HD,200.0,VA,0.5
711444,250633633,27.0,Full HD,100.0,IPS,1.0
711442,250633634,31.5,2K,180.0,VA,0.5
711447,250633636,27.0,Full HD,240.0,IPS,1.0
713345,250635297,34.0,QHD,180.0,VA,1.0
714762,250636706,31.5,,60.0,IPS,5.0
715421,250637363,27.0,2K,180.0,IPS,1.0
715427,250637370,27.0,2K,180.0,IPS,1.0
715434,250637375,34.0,QHD,240.0,OLED,0.03
716699,250638612,27.0,Full HD,240.0,IPS,1.0
716810,250638723,26.5,2K,240.0,OLED,0.03
716812,250638724,27.0,2K,210.0,IPS,1.0
716811,250638725,24.5,Full HD,200.0,IPS,1.0
719854,250640758,27.0,,144.0,IPS,1.0
719860,250640764,27.0,2K,300.0,VA,0.5
724692,250645504,27.0,1920x1080,75.0,IPS,5.0
724757,250645569,,1920 x 1080,75.0,VA,1.0
724772,250645584,,1920 x 1080,75.0,IPS,5.0
724775,250645587,,1920 x 1080,75.0,IPS,5.0
724794,250645606,,1920 x 1080,75.0,VA,1.0
724800,250645612,23.8,1920x1080,75.0,,
725160,250645993,27.0,2K,100.0,IPS,6.0
725161,250645994,21.5,Full HD,100.0,VA,5.0
725162,250645995,31.5,,100.0,IPS,5.0
725163,250645996,34.0,QHD,100.0,IPS,5.0
725189,250646022,27.0,,120.0,IPS,5.0
725230,250646063,23.8,Full HD,100.0,IPS,1.0
750260,250711057,24.0,Full HD,60.0,IPS,5.0
752852,250713730,23.8,2K,100.0,IPS,5.0
754924,250715719,27.0,Full HD,120.0,IPS,4.0
756627,250717334,23.8,Full HD,120.0,IPS,1.0
756629,250717335,27.0,,240.0,IPS,1.0
759322,250719843,27.0,Full HD,240.0,IPS,1.0
762647,250800176,27.0,2K,240.0,IPS,0.5
762654,250800183,27.0,Full HD,240.0,IPS,0.3
764255,250801760,27.0,2K,180.0,IPS,1.0
765777,250803174,27.0,Full HD,100.0,IPS,4.0
765787,250803181,27.0,Full HD,240.0,IPS,0.5
765793,250803188,27.0,2K,240.0,IPS,0.5
765808,250803202,27.0,,165.0,IPS,1.0
767180,250804567,27.0,2560x1440,240.0,OLED,0.03
767196,250804583,23.8,1920 x 1080,100.0,IPS,1.0
767206,250804593,27.0,1920 x 1080,100.0,IPS,1.0
767259,250804646,,1920 x 1080,75.0,VA,4.0
768850,250806027,27.0,2K,75.0,IPS,1.0
768849,250806028,23.8,Full HD,200.0,IPS,0.3
770794,250807884,27.0,Full HD,120.0,IPS,1.0
771445,250808264,27.0,2K,180.0,IPS,0.5
771447,250808265,21.5,Full HD,100.0,IPS,4.0
771446,250808266,23.8,Full HD,144.0,IPS,0.5
771448,250808267,23.8,Full HD,240.0,IPS,0.3
771956,250808749,32.0,Full HD,60.0,VA,4.0
771962,250808750,21.5,Full HD,100.0,VA,5.0
771964,250808756,23.8,Full HD,144.0,IPS,1.0
771968,250808757,23.8,Full HD,120.0,IPS,5.0
771974,250808763,23.8,Full HD,240.0,IPS,0.5
771975,250808764,27.0,Full HD,120.0,IPS,5.0
771981,250808771,23.8,Full HD,240.0,IPS,0.5
771988,250808777,25.0,Full HD,100.0,IPS,1.0
771994,250808782,27.0,Full HD,146.0,IPS,1.0
771996,250808785,21.5,Full HD,100.0,IPS,4.0
772076,250808867,23.8,Full HD,120.0,IPS,4.0
772375,250809111,26.5,,240.0,OLED,0.03
772426,250809162,34.0,QHD,240.0,OLED,0.03
772434,250809169,27.0,,120.0,IPS,4.0
772448,250809183,27.0,2K,240.0,OLED,0.03
772455,250809190,27.0,2K,360.0,OLED,0.03
772462,250809197,27.0,2K,500.0,OLED,0.03
772971,250900400,24.5,Full HD,200.0,IPS,1.0
772969,250900401,27.0,Full HD,200.0,IPS,1.0
772970,250900402,24.5,Full HD,320.0,IPS,1.0
776661,250903966,,1920 x 1080,75.0,VA,4.0
776900,250904205,23.8,1920 x 1080,100.0,IPS,1.0
778950,250906238,49.0,QHD,240.0,OLED,0.03
778953,250906240,32.0,,240.0,OLED,0.03
778970,250906258,32.0,,240.0,OLED,0.03
778978,250906265,27.0,,240.0,OLED,0.03
778985,250906272,27.0,2K,500.0,OLED,0.03
778992,250906279,24.0,Full HD,120.0,IPS,1.0
778999,250906286,27.0,2K,320.0,IPS,1.0
780089,250907331,23.8,Full HD,240.0,IPS,0.5
781052,250908287,24.5,Full HD,240.0,IPS,0.3
781060,250908294,32.0,Full HD,,,8.0
781066,250908301,23.8,Full HD,100.0,IPS,5.0
781074,250908310,27.0,Full HD,100.0,IPS,5.0
784543,250911683,24.5,Full HD,144.0,IPS,1.0
784549,250911690,27.0,Full HD,144.0,IPS,1.0
784556,250911697,27.0,2K,60.0,IPS,1.0
784557,250911698,15.6,Full HD,60.0,IPS,4.0
788532,251001963,23.8,Full HD,144.0,IPS,1.0
788544,251001977,27.0,Full HD,240.0,IPS,0.5
788763,251002212,27.0,1920 x 1080,100.0,IPS,5.0
807368,251017479,15.6,Full HD,60.0,IPS,5.0
809129,251019106,27.0,2K,320.0,IPS,0.3
811336,251100572,23.8,1920x1080,75.0,IPS,5.0
811377,251100613,27.0,1920x1080,75.0,IPS,5.0
811380,251100616,27.0,1920x1080,75.0,IPS,5.0
811381,251100617,,2560 x 1440,200.0,IPS,1.0
811383,251100619,24.5,1920x1080,200.0,IPS,0.5
811384,251100620,,2560 x 1440,200.0,IPS,1.0
811389,251100625,21.5,1920 x 1080,100.0,IPS,1.0
811392,251100628,,2560 x 1440,200.0,IPS,1.0
811513,251100749,24.0,1920 x 1080,75.0,IPS,8.0
811514,251100750,24.0,1920 x 1080,75.0,IPS,8.0
811515,251100751,24.0,1920 x 1080,75.0,IPS,8.0
811521,251100757,27.0,2560x1440,100.0,IPS,
811524,251100760,27.0,1920 x 1080,165.0,IPS,1.0
811533,251100769,23.8,1920 x 1080,100.0,IPS,1.0
811539,251100775,23.8,1920 x 1080,100.0,IPS,1.0
812845,251102026,27.0,Full HD,144.0,IPS,1.0
812865,251102046,23.8,Full HD,200.0,IPS,5.0
813974,251103268,26.5,2K,280.0,OLED,0.03
816215,251105482,23.8,Full HD,146.0,IPS,1.0
818350,251107193,23.8,1920 x 1080,144.0,IPS,1.0
818374,251107217,27.0,Full HD,144.0,IPS,1.0
818384,251107224,27.0,2K,120.0,IPS,5.0
820282,251109191,27.0,Full HD,240.0,VA,0.5
822739,251111645,27.0,2K,255.0,IPS,0.3
822746,251111651,27.0,2K,180.0,VA,1.0
822752,251111657,32.0,,240.0,OLED,0.03
822758,251111666,32.0,,240.0,OLED,0.03
824640,251113481,27.0,,160.0,IPS,0.5
824645,251113488,27.0,Full HD,144.0,IPS,1.0
824652,251113495,27.0,QHD,75.0,IPS,1.0
828537,251202908,24.5,Full HD,240.0,IPS,1.0
828538,251202909,27.0,2K,280.0,OLED,0.03
828543,251202917,24.5,Full HD,240.0,IPS,1.0
828552,251202924,27.0,Full HD,240.0,VA,1.0
828558,251202930,34.0,2K,200.0,VA,1.0
828564,251202936,27.0,,160.0,IPS,1.0
829639,251203801,27.0,2560x1440,100.0,IPS,
829640,251203802,27.0,,200.0,IPS,1.0
829856,251204018,23.8,1920x1080,60.0,VA,5.0
829858,251204020,21.5,1920 x 1080,100.0,IPS,1.0
829860,251204022,23.8,1920 x 1080,100.0,IPS,4.0
834498,251208390,27.0,2K,120.0,IPS,6.0
836944,251210729,24.0,Full HD,144.0,IPS,5.0
837866,251211477,29.0,,100.0,IPS,5.0
837876,251211484,27.0,Full HD,240.0,IPS,1.0
837885,251211492,27.0,Full HD,200.0,IPS,1.0
837892,251211499,24.0,Full HD,260.0,IPS,0.3
837899,251211506,27.0,Full HD,260.0,IPS,0.3
837901,251211507,27.0,Full HD,260.0,VA,0.3
838778,251212297,23.8,Full HD,120.0,IPS,1.0
838780,251212298,27.0,2K,144.0,IPS,0.5
838779,251212299,32.0,,240.0,OLED,0.03
838782,251212300,27.0,2K,260.0,IPS,0.3
838781,251212301,27.0,Full HD,120.0,IPS,0.5
838783,251212302,31.5,,240.0,OLED,0.03
838784,251212303,39.0,QHD,240.0,OLED,0.03
840926,260102086,23.8,Full HD,260.0,IPS,1.0
840932,260102093,27.0,2K,180.0,IPS,1.0
840937,260102099,23.8,Full HD,144.0,IPS,1.0
842943,260104165,34.0,2K,180.0,VA,1.0
844003,260105193,24.0,Full HD,120.0,IPS,5.0
844017,260105207,27.0,1920X1080,120.0,IPS,
844070,260105257,24.0,Full HD,120.0,IPS,5.0
844072,260105262,24.0,Full HD,120.0,IPS,5.0
844083,260105273,34.0,3440 x 1440,180.0,VA,1.0
844181,260105371,21.5,1920 x 1080,75.0,IPS,4.0
844193,260105383,27.0,2560x1440,100.0,IPS,
844195,260105385,23.8,1920 x 1080,100.0,IPS,4.0
844387,260105577,,3840 x 2160,60.0,IPS,5.0
844388,260105578,27.0,,200.0,IPS,1.0
844481,260105672,27.0,2K,200.0,IPS,1.0
844489,260105679,27.0,2K,180.0,IPS,1.0
844496,260105685,27.0,2K,240.0,OLED,0.03
844527,260105715,15.6,Full HD,60.0,IPS,7.0
844532,260105722,23.8,Full HD,144.0,IPS,6.0
845545,260106719,25.0,Full HD,144.0,IPS,1.0
845551,260106726,27.0,,144.0,IPS,5.0
846245,260107401,23.8,Full HD,100.0,IPS,4.0
846538,260107687,24.0,,100.0,IPS,5.0
847903,260109028,28.0,3840x2160,60.0,IPS,4.0
847907,260109032,24.0,1920x1200,75.0,IPS,5.0
848786,260200462,23.8,Full HD,200.0,VA,1.0
850864,260202509,27.0,Full HD,144.0,IPS,1.0
850872,260202514,27.0,QHD,200.0,IPS,0.5
850873,260202515,27.0,,180.0,IPS,1.0
850876,260202518,24.5,Full HD,144.0,IPS,1.0
850877,260202519,37.0,,60.0,VA,5.0
850880,260202522,27.0,Full HD,144.0,IPS,1.0
850881,260202523,37.0,,60.0,VA,5.0
850884,260202526,24.5,Full HD,144.0,IPS,0.5
850885,260202527,27.0,2K,180.0,OLED,0.03
850888,260202530,27.0,2K,280.0,OLED,0.03
850889,260202531,19.5,,100.0,TN,5.0
851658,260203283,23.8,Full HD,120.0,IPS,1.0
853657,260300969,21.5,1920 x 1080,75.0,IPS,4.0
853700,260301012,27.0,,200.0,IPS,1.0
853701,260301013,27.0,3840x2160,60.0,IPS,5.0
853704,260301016,27.0,3840x2160,60.0,IPS,5.0
853839,260301153,27.0,2560 x 1440,200.0,IPS,1.0
854347,260301656,23.8,Full HD,144.0,IPS,1.0
854354,260301663,27.0,2K,144.0,IPS,1.0
855388,260302517,27.0,,100.0,IPS,5.0
856324,260303445,27.0,2K,200.0,IPS,0.5
856325,260303446,23.8,Full HD,144.0,IPS,1.0
856327,260303447,24.5,Full HD,240.0,IPS,0.5
856326,260303448,21.45,Full HD,120.0,VA,1.0
857763,260304750,24.5,Full HD,400.0,IPS,1.0
857764,260304751,24.1,Full HD,750.0,TN,0.8
857762,260304752,24.5,Full HD,310.0,IPS,0.3
858090,260305074,23.8,1920x1080,100.0,IPS,1.0
858091,260305075,23.8,1920x1080,100.0,IPS,1.0
858093,260305077,23.8,1920x1080,100.0,IPS,1.0
858097,260305081,24.0,1920x1200,75.0,IPS,5.0
858098,260305082,23.8,1920x1080,100.0,IPS,1.0
858100,260305084,23.8,1920x1080,100.0,IPS,1.0
858103,260305087,27.0,2560x1440,100.0,IPS,
858125,260305109,27.0,2560x1440,100.0,IPS,4.0
858146,260305130,27.0,3840x2160,120.0,IPS,8.0
858393,260305377,23.8,Full HD,120.0,IPS,4.0
860357,260400572,27.0,Full HD,144.0,IPS,6.0
862513,260402706,34.0,QHD,120.0,VA,1.0
862665,260402861,26.5,2K,240.0,OLED,0.03
862759,260402953,26.5,2K,240.0,OLED,0.03
862762,260402955,27.0,,60.0,IPS,4.0
862763,260402956,34.0,QHD,120.0,VA,1.0
864732,260404883,21.5,Full HD,100.0,IPS,4.0
864771,260404924,27.0,2K,180.0,IPS,0.5
864774,260404926,27.0,Full HD,200.0,IPS,0.5
867214,260407229,23.8,Full HD,144.0,IPS,5.0
867228,260407244,23.6,Full HD,75.0,VA,7.0
869606,260501446,23.8,Full HD,144.0,IPS,1.0
869613,260501453,27.0,Full HD,144.0,IPS,1.0
869620,260501460,27.0,2K,120.0,IPS,1.0
869626,260501466,27.0,2K,120.0,IPS,1.0
869824,260501664,25.0,1920 x 1080,60.0,IPS,5.0
869826,260501666,27.0,2560x1440,100.0,IPS,4.0
869828,260501668,27.0,,200.0,IPS,1.0
869830,260501670,,1920 x 1080,100.0,VA,5.0
869837,260501677,,1920 x 1080,100.0,IPS,5.0
869839,260501679,27.0,2560x1440,100.0,IPS,4.0
869843,260501683,,1920 x 1080,100.0,VA,5.0
869844,260501684,27.0,2560x1440,100.0,IPS,4.0
869938,260501778,,1920 x 1080,60.0,IPS,4.0
869940,260501780,,1920 x 1080,60.0,IPS,4.0
869959,260501799,27.0,,60.0,IPS,6.0
869993,260501833,27.0,1920 x 1080,100.0,IPS,4.0
869999,260501839,27.0,2560x1440,180.0,VA,1.0
870006,260501846,27.0,2560x1440,100.0,IPS,4.0
870007,260501847,27.0,1920 x 1080,100.0,IPS,1.0
870019,260501859,,,,,
870020,260501860,,2560 x 1440,200.0,IPS,1.0
870056,260501896,34.0,3440 x 1440,180.0,VA,1.0
871167,260502991,27.0,2K,144.0,IPS,1.0
872083,260503898,27.0,Full HD,100.0,IPS,1.0
872091,260503904,23.8,Full HD,100.0,IPS,1.0
872097,260503912,21.5,Full HD,100.0,IPS,4.0
872105,260503919,23.8,Full HD,144.0,IPS,1.0
872112,260503926,23.8,Full HD,100.0,IPS,5.0
872139,260503953,26.5,2K,240.0,OLED,0.03
872142,260503956,27.0,Full HD,144.0,IPS,0.5
876975,260508569,21.5,Full HD,100.0,VA,5.0
876982,260508576,27.0,2K,100.0,IPS,5.0
876989,260508583,27.0,Full HD,120.0,IPS,5.0
876996,260508590,31.5,,60.0,VA,4.0
877001,260508595,34.0,QHD,180.0,VA,1.0
878543,260600933,23.8,Full HD,100.0,IPS,5.0
878538,260600937,25.0,Full HD,300.0,IPS,1.0
878544,260600942,27.0,Full HD,100.0,IPS,5.0
878549,260600945,27.0,Full HD,200.0,IPS,1.0
878552,260600951,24.0,,100.0,IPS,5.0
878556,260600952,27.0,Full HD,300.0,IPS,1.0
878562,260600958,23.8,Full HD,120.0,IPS,5.0
878569,260600965,27.0,Full HD,120.0,IPS,5.0
878574,260600970,25.0,Full HD,200.0,IPS,1.0
878576,260600972,27.0,2K,210.0,IPS,0.3
879473,260601845,27.0,,60.0,IPS,6.0
879476,260601848,27.0,1920X1080,120.0,IPS,
879527,260601899,27.0,1920 x 1080,100.0,IPS,6.0
879531,260601903,27.0,2K,100.0,IPS,6.0
879532,260601904,23.8,,200.0,IPS,1.0
879533,260601905,27.0,1920 x 1080,100.0,IPS,6.0
879536,260601908,27.0,2K,100.0,IPS,6.0
879537,260601909,27.0,1920 x 1080,100.0,IPS,6.0
879538,260601910,27.0,2K,100.0,IPS,6.0
879544,260601916,27.0,2K,100.0,IPS,6.0
879555,260601927,27.0,2K,100.0,IPS,6.0
879556,260601928,27.0,2K,100.0,IPS,6.0
879557,260601929,27.0,1920 x 1080,100.0,IPS,6.0
879564,260601936,27.0,2K,100.0,IPS,6.0
879568,260601940,23.8,,200.0,IPS,1.0
879569,260601941,27.0,2K,100.0,IPS,6.0
879802,260602175,27.0,,160.0,IPS,0.5
879808,260602184,27.0,2K,210.0,IPS,0.5
879820,260602190,27.0,2K,240.0,OLED,0.03
879827,260602196,32.0,,165.0,IPS,1.0
879942,260602321,23.8,Full HD,200.0,IPS,0.5
880049,260602428,31.5,,60.0,IPS,5.0
880703,260603075,21.5,Full HD,120.0,IPS,1.0
880704,260603077,27.0,2K,144.0,IPS,1.0
880706,260603079,23.8,Full HD,200.0,IPS,0.5
880708,260603081,27.0,Full HD,200.0,IPS,0.5
880710,260603083,27.0,,60.0,IPS,5.0
880712,260603085,27.0,2K,300.0,IPS,1.0
880714,260603087,40.0,,120.0,IPS,5.0
880716,260603089,45.0,,240.0,OLED,0.03
880973,260603321,34.0,2K,120.0,VA,1.0
882041,260700554,27.0,1920 x 1080,100.0,IPS,6.0
882042,260700555,27.0,2560 x 1440,180.0,IPS,1.0
882044,260700557,,3840 x 2160,60.0,IPS,5.0
882045,260700558,27.0,2560x1440,180.0,VA,1.0
882046,260700559,23.8,,200.0,IPS,1.0
882047,260700560,27.0,1920 x 1080,280.0,VA,0.5
882050,260700563,23.8,1920x1080,100.0,IPS,5.0
882051,260700564,27.0,,200.0,IPS,1.0
882052,260700565,27.0,3840x2160,60.0,IPS,5.0
882053,260700566,21.45,1920 x 1080,100.0,VA,4.0
882056,260700569,27.0,1920 x 1080,280.0,VA,0.5
882057,260700570,27.0,1920 x 1080,165.0,IPS,1.0
882070,260700583,27.0,1920 x 1080,100.0,IPS,1.0
882098,260700611,,1920 x 1080,100.0,IPS,5.0
882099,260700612,,1920 x 1080,100.0,IPS,5.0
882100,260700613,,1920 x 1080,100.0,IPS,5.0
882101,260700614,,1920 x 1080,100.0,IPS,5.0
882102,260700615,21.5,1920 x 1080,100.0,IPS,1.0
882103,260700616,24.5,1920X1080,120.0,IPS,
882104,260700617,,1920 x 1080,100.0,IPS,5.0
882107,260700620,,1920 x 1080,100.0,IPS,5.0
882112,260700625,23.8,,200.0,IPS,1.0
882114,260700627,,1920 x 1080,100.0,IPS,5.0
882117,260700630,,1920 x 1080,100.0,IPS,5.0
882120,260700633,,1920 x 1080,100.0,IPS,5.0
882121,260700634,,1920 x 1080,100.0,IPS,5.0
882124,260700637,27.0,3840 x 2160,60.0,IPS,5.0
882125,260700638,,1920 x 1080,100.0,IPS,5.0
882126,260700639,24.5,1920X1080,120.0,IPS,
882936,260701386,27.0,2K,320.0,IPS,0.5
883270,260701720,27.0,2K,300.0,IPS,1.0
883271,260701721,27.0,Full HD,300.0,IPS,1.0
883278,260701727,27.0,,60.0,IPS,5.0
883279,260701728,23.8,Full HD,120.0,IPS,5.0
883294,260701738,31.5,2K,100.0,IPS,5.0
883301,260701744,27.0,2K,275.0,IPS,0.5
883307,260701751,27.0,Full HD,260.0,IPS,0.5
883313,260701757,27.0,2K,360.0,IPS,0.5
883314,260701758,27.0,Full HD,260.0,IPS,1.0
883320,260701764,27.0,2K,144.0,IPS,1.0
883321,260701765,23.8,Full HD,144.0,IPS,1.0
883326,260701770,25.0,Full HD,300.0,IPS,1.0
883327,260701772,27.0,,72.0,IPS,4.0
883331,260701775,49.0,QHD,240.0,OLED,0.03
883334,260701782,34.0,QHD,160.0,VA,5.0
883343,260701787,34.0,,100.0,IPS,5.0
885290,260703452,27.0,Full HD,240.0,IPS,1.0
885296,260703459,27.0,,160.0,IPS,1.0
885303,260703466,32.0,2K,180.0,IPS,1.0
885391,260703554,27.0,Full HD,144.0,IPS,1.0
885397,260703560,14.0,,60.0,IPS,16.0
886585,260704573,15.6,Full HD,60.0,IPS,4.0
888166,260705983,23.8,Full HD,144.0,IPS,1.0
888174,260705992,27.0,Full HD,144.0,IPS,1.0
888182,260705999,27.0,2K,220.0,IPS,0.3
888189,260706006,31.5,,60.0,VA,4.0
888196,260706014,17.3,2K,60.0,OLED,0.2
888204,260706021,26.5,2K,540.0,OLED,0.02
888210,260706027,24.5,Full HD,240.0,IPS,1.0
890606,260801475,27.0,Full HD,144.0,IPS,8.0
890617,260801482,25.0,Full HD,320.0,IPS,1.0
890628,260801492,27.0,Full HD,100.0,IPS,5.0
890704,260801557,27.0,2K,210.0,IPS,1.0
890703,260801558,27.0,2K,200.0,IPS,1.0
891872,260802676,21.5,1920 x 1080,100.0,IPS,1.0
891873,260802677,21.5,1920 x 1080,100.0,IPS,1.0
891874,260802678,21.5,1920 x 1080,100.0,IPS,1.0
891875,260802679,21.5,1920 x 1080,100.0,IPS,1.0
891876,260802680,21.5,1920 x 1080,100.0,IPS,1.0
891877,260802681,21.5,1920 x 1080,100.0,IPS,1.0
891878,260802682,27.0,2560x1440,180.0,VA,1.0
891879,260802683,21.5,1920 x 1080,100.0,IPS,1.0
892232,260803035,43.0,,60.0,VA,4.0
892731,260803536,27.0,2K,220.0,IPS,0.3
892740,260803543,24.1,Full HD,610.0,TN,0.7
892756,260803558,16.0,,60.0,OLED,1.0
892763,260803565,16.0,,60.0,IPS,6.0
893037,260803839,43.0,,75.0,IPS,8.0
893363,260804147,24.5,Full HD,144.0,IPS,0.5
893746,260804533,16.0,2K,165.0,IPS,3.0
893756,260804540,27.0,Full HD,260.0,IPS,0.3
893772,260804555,27.0,2K,120.0,IPS,5.0
893780,260804562,27.0,2K,120.0,IPS,5.0
895187,260805889,23.8,1920 x 1080,144.0,IPS,0.5
895228,260805927,23.8,2560 x 1440,100.0,IPS,5.0
896219,260900844,27.0,1920 x 1080,144.0,IPS,0.5
897035,260901646,27.0,2560 x 1440,300.0,IPS,0.3
897043,260901652,24.5,1920 x 1080,120.0,IPS,1.0
897051,260901662,27.0,2560 x 1440,540.0,IPS,0.3
897185,260901793,31.5,1920 x 1080,180.0,VA,1.0
