record_id,product_id,sku,connection_type,keyboard_type,switch_type,layout,backlight
thegioididong_351689,351689,,,Tenkeyless (Rút gọn),Akko Stellar Rose Switch,,
thegioididong_326735,326735,,,Full size,,,
thegioididong_357643,357643,,,Full size,Razer Yellow Mechanical Switches (Linear),,
thegioididong_357642,357642,,,Full size,Razer Green Mechanical Switches (Clicky),,
thegioididong_357645,357645,,,Tenkeyless (Rút gọn),Razer Mechanical Switches Gen-3 (Tactile),,
thegioididong_342572,342572,,,Cỡ 60%,Glare Magnetic,,
thegioididong_342574,342574,,,Cỡ 60%,Glare Magnetic,,
thegioididong_279466,279466,,,Full size,,,
thegioididong_323008,323008,,,Compact (Rút gọn),,,
thegioididong_357640,357640,,,Cỡ 75%,Razer Mechanical Switches (Tactile),,
thegioididong_357611,357611,,,Full size,Razer Green Mechanical Switches (Clicky),,
thegioididong_359226,359226,,,Full size,,,
thegioididong_332194,332194,,,Hãng không công bố,,,
thegioididong_342573,342573,,,Cỡ 60%,Glare Magnetic,,
thegioididong_361813,361813,,,Full size,Purple Gold,,
thegioididong_325540,325540,,,Hãng không công bố,Hãng không công bố,,
thegioididong_366045,366045,,,Cỡ 75%,Akko v3 Piano,,
thegioididong_344719,344719,,,Cỡ 96%,,,
thegioididong_368611,368611,,,Cỡ 85%,EDRA Switch,,
thegioididong_361164,361164,,,Full size,Hãng không công bố,,
thegioididong_364801,364801,,,Tenkeyless (Rút gọn),Mechanical Switch,,
thegioididong_339127,339127,,,Tenkeyless (Rút gọn),Scissior,,
thegioididong_362514,362514,,,Full size,X-Scissors,,
thegioididong_361810,361810,,,Tenkeyless (Rút gọn),Red Switch,,
thegioididong_323001,323001,,,Full size,,,
thegioididong_339154,339154,,,Full size,Hãng không công bố,,
thegioididong_339121,339121,,,Tenkeyless (Rút gọn),DareU Cloud switch,,
thegioididong_338172,338172,,,Full size,Hãng không công bố,,
thegioididong_339126,339126,,,Full size,Scissior,,
thegioididong_339155,339155,,,Tenkeyless (Rút gọn),Switch cơ GL,,
thegioididong_326669,326669,,,Cỡ 75%,,,
thegioididong_323006,323006,,,Compact (Rút gọn),,,
thegioididong_296791,296791,,,Hãng không công bố,Hãng không công bố,,
thegioididong_370116,370116,,,layout 98%,Linear,,
thegioididong_368616,368616,,,Hãng không công bố,EDRA Red,,
thegioididong_362904,362904,,,Cỡ 75% - Low Profile,X-Scissors,,
thegioididong_335495,335495,,,Hãng không công bố,Hãng không công bố,,
thegioididong_368626,368626,,,Full size,3 triệu lần nhấp (3M),,
thegioididong_368610,368610,,,Cỡ 68%,EDRA Switch,,
thegioididong_365035,365035,,,Full size,Scissior,,
thegioididong_335494,335494,,,Hãng không công bố,Hãng không công bố,,
thegioididong_325816,325816,,,,,,
thegioididong_314636,314636,,,Full size,,,
thegioididong_368614,368614,,,Hãng không công bố,EDRA Linear Custom Switch,,
thegioididong_331851,331851,,,1800 - Compact (Rút gọn),Cream Yellow Pro,,
thegioididong_325541,325541,,,Hãng không công bố,Hãng không công bố,,
thegioididong_335191,335191,,,1800 - Compact (Rút gọn),Red Switch,,
thegioididong_368606,368606,,,Hãng không công bố,Switch Life,,
thegioididong_342558,342558,,,Cỡ 75%,Cream Yellow Pro,,
thegioididong_339140,339140,,,Full size,,,
thegioididong_335543,335543,,,QWERTY,,,
thegioididong_362530,362530,,,Full size,Membrane giả cơ,,
thegioididong_361811,361811,,,Tenkeyless (Rút gọn),Outemu GR Silver,,
thegioididong_339152,339152,,,Tenkeyless (Rút gọn),Hãng không công bố,,
thegioididong_332195,332195,,,Hãng không công bố,Hãng không công bố,,
thegioididong_368608,368608,,,Full size,X-Scissors Slilent,,
thegioididong_365034,365034,,,Cỡ 75%,DareU DREAM switch,,
thegioididong_361558,361558,,,Cỡ 75%,Scissor Switch,,
thegioididong_351682,351682,,,Tenkeyless (Rút gọn),Akko Mirror Switch,,
thegioididong_339147,339147,,,Mini size,,,
thegioididong_328212,328212,,,Hãng không công bố,,,
thegioididong_362476,362476,,,Full size,Membrane giả cơ,,
thegioididong_314635,314635,,,Cỡ 75%,DareU DREAM switch,,
thegioididong_366044,366044,,,Cỡ 75%,Akko Frost Pink,,
thegioididong_351687,351687,,,Tenkeyless (Rút gọn),Akko Mirror Switch,,
thegioididong_342570,342570,,,Cỡ 75%,Akko AstroAim Magnetic Switch,,
thegioididong_339151,339151,,,Full size,GX Blue,,
thegioididong_339148,339148,,,Full size,,,
thegioididong_339122,339122,,,Full size,DareU Cloud switch,,
thegioididong_337341,337341,,,Cỡ 75%,Storm Switch,,
thegioididong_337339,337339,,,Cỡ 75%,Snow Switch,,
thegioididong_335542,335542,,,QWERTY,,,
thegioididong_328229,328229,,,Full size,CORSAIR MLX Red,,
thegioididong_328228,328228,,,Full size,Giả cơ,,
thegioididong_328174,328174,,,,,,
thegioididong_322597,322597,,,Full size,Membrane giả cơ,,
thegioididong_362472,362472,,,Full size,Silent Switch,,
thegioididong_337870,337870,,,Cỡ 96%,Kailh Ice Cream Pink,,
thegioididong_370499,370499,,,Full size,DareU,,
thegioididong_368612,368612,,,Cỡ 98%,EDRA Switch,,
thegioididong_362469,362469,,,Full size,Silent Switch,,
thegioididong_362389,362389,,,Tenkeyless (Rút gọn),Giả cơ,,
thegioididong_361567,361567,,,Full size,Giả cơ,,
thegioididong_361496,361496,,,Full size,Scissor Switch,,
thegioididong_359548,359548,,,Cỡ 75%,Snow Switch,,
thegioididong_359223,359223,,,Chiclet,Tactile scissor-switch,,
thegioididong_359222,359222,,,Chiclet,Tactile scissor-switch,,
thegioididong_357667,357667,,,Full size,Razer Mecha-Membrane Switches,,
thegioididong_357664,357664,,,Cỡ 60%,Razer™ Analog Optical Switch Gen-2,,
thegioididong_357663,357663,,,Full size,Razer™ Analog Optical Switch Gen-2,,
thegioididong_357647,357647,,,Full size,Razer Yellow Mechanical Switches (Linear),,
thegioididong_357646,357646,,,Full size,Razer Green Mechanical Switches (Clicky),,
thegioididong_357644,357644,,,Cỡ 75%,Razer Mechanical Switches Gen-3 (Tactile),,
thegioididong_357628,357628,,,Cỡ 75%,Razer Mechanical Switches (Tactile),,
thegioididong_357614,357614,,,Cỡ 75%,Razer Mechanical Switches (Tactile),,
thegioididong_357612,357612,,,Full size,Razer Yellow Mechanical Switches (Linear),,
thegioididong_334430,334430,,,Tenkeyless (Rút gọn),Cream Yellow,,
thegioididong_331850,331850,,,Cỡ 75%,Cream Yellow Pro,,
thegioididong_327809,327809,,,Tenkeyless (Rút gọn),HyperX Aqua,,
thegioididong_368613,368613,,,Cỡ 68%,Magnet Switch,,
thegioididong_366837,366837,,,Full size,Akko Frost Pink,,
thegioididong_366836,366836,,,Full size,Akko Frost Pink,,
thegioididong_366835,366835,,,Full size,Akko Frost Pink,,
thegioididong_363943,363943,,,Chiclet,Membrane (dome mềm),,
thegioididong_363942,363942,,,Chiclet,Membrane (dome mềm),,
thegioididong_362727,362727,,,Cỡ 96%,Membrane giả cơ,,
thegioididong_362726,362726,,,Cỡ 96%,Membrane giả cơ,,
thegioididong_362725,362725,,,Tenkeyless (Rút gọn),Membrane giả cơ,,
thegioididong_362545,362545,,,Full size,Membrane giả cơ,,
thegioididong_362539,362539,,,Low Profile,Scissor Switch,,
thegioididong_362534,362534,,,Full size,Scissor Switch,,
thegioididong_362531,362531,,,Full size,Membrane giả cơ,,
thegioididong_362544,362544,,,Full size,Membrane giả cơ,,
thegioididong_362543,362543,,,Full size,Membrane giả cơ,,
thegioididong_362542,362542,,,Full size,Membrane giả cơ,,
thegioididong_362541,362541,,,Full size,Membrane giả cơ,,
thegioididong_362540,362540,,,Low Profile,Scissor Switch,,
thegioididong_362538,362538,,,Low Profile,Scissor Switch,,
thegioididong_362537,362537,,,Compact (Rút gọn),Mechanical Switch,,
thegioididong_362536,362536,,,Compact (Rút gọn),Mechanical Switch,,
thegioididong_362535,362535,,,Compact (Rút gọn),Mechanical Switch,,
thegioididong_362533,362533,,,Full size,Scissor Switch,,
thegioididong_362532,362532,,,Compact (Rút gọn),Membrane giả cơ,,
thegioididong_362394,362394,,,Tenkeyless (Rút gọn),CORSAIR MLX Plasma linear mechanical pre-lubricated,,
thegioididong_362393,362393,,,Tenkeyless (Rút gọn),CORSAIR MLX Plasma linear mechanical pre-lubricated,,
thegioididong_362392,362392,,,Tenkeyless (Rút gọn),Pre-lubricated CORSAIR MLX Red v2 linear,,
thegioididong_362390,362390,,,Cỡ 75%,CORSAIR MLX Fusion Tactile,,
thegioididong_361546,361546,,,Cỡ 75%,Alienware Linear Mechanical Switches,,
thegioididong_370691,370691,,,Full size,DareU,,
thegioididong_370690,370690,,,Full size,Akko V3 Piano Pro,,
thegioididong_370689,370689,,,Cỡ 75%,Akko V3 Piano Pro,,
thegioididong_370688,370688,,,,Akko Frost Pink,,
thegioididong_370687,370687,,,,Akko Frost Pink,,
thegioididong_370686,370686,,,,Akko Frost Pink,,
thegioididong_370681,370681,,,,Akko Frost Pink,,
thegioididong_370678,370678,,,Full size,Akko Frost Pink,,
thegioididong_370677,370677,,,Cỡ 65%,Akko Stellar Rose Switch,,
thegioididong_370676,370676,,,Cỡ 75%,Akko Frost Pink,,
thegioididong_368607,368607,,,Hãng không công bố,Golden Grain,,
thegioididong_368143,368143,,,,,,
thegioididong_368090,368090,,,,,,
thegioididong_368089,368089,,,Cỡ 75%,Logitech GX Tactile,,
thegioididong_368088,368088,,,Cỡ 75%,Logitech GX Tactile,,
thegioididong_363944,363944,,,Chiclet,Membrane (dome mềm),,
thegioididong_363540,363540,,,Full size,Membrane giả cơ,,
thegioididong_362724,362724,,,Tenkeyless (Rút gọn),Membrane giả cơ,,
thegioididong_362723,362723,,,Tenkeyless (Rút gọn),Membrane giả cơ,,
thegioididong_362722,362722,,,Tenkeyless (Rút gọn),Membrane giả cơ,,
thegioididong_361508,361508,,,Cỡ 75%,Alienware Linear Mechanical Switches,,
thegioididong_361493,361493,,,Full size,Scissor Switch,,
thegioididong_361483,361483,,,Full size,Scissor Switch,,
thegioididong_359549,359549,,,Cỡ 75%,Storm Switch,,
thegioididong_362475,362475,,,Full size,Membrane giả cơ,,
thegioididong_362473,362473,,,Full size,Silent Switch,,
thegioididong_362471,362471,,,Full size,Silent Switch,,
thegioididong_362470,362470,,,Full size,Silent Switch,,
thegioididong_357605,357605,,,Tenkeyless (Rút gọn),Razer Yellow Mechanical Switches (Linear),,
thegioididong_357604,357604,,,Tenkeyless (Rút gọn),Razer Green Switch,,
thegioididong_357603,357603,,,Full size,Razer Green Switch,,
thegioididong_351688,351688,,,Tenkeyless (Rút gọn),Akko Mirror Switch,,
thegioididong_368609,368609,,,Cỡ 68%,Magnet Switch,,
thegioididong_362513,362513,,,Cỡ 75% - Low Profile,X-Scissors,,
thegioididong_359225,359225,,,Full size,Linear,,
thegioididong_357665,357665,,,Tenkeyless (Rút gọn),Razer™ Analog Optical Switch Gen-2,,
thegioididong_359228,359228,,,Cỡ 75%,Linear,,
thegioididong_328173,328173,,,,,,
thegioididong_366046,366046,,,Full size,Akko Frost Pink,,
thegioididong_326401,326401,,,Tenkeyless (Rút gọn),DareU DREAM switch,,
thegioididong_368617,368617,,,Hãng không công bố,Switch từ tính,,
thegioididong_339123,339123,,,Full size,DareU Cloud switch,,
thegioididong_368625,368625,,,,3 triệu lần nhấp (3M),,
thegioididong_362515,362515,,,Full size,Silent Switch,,
thegioididong_339139,339139,,,Full size,,,
thegioididong_331864,331864,,,Full size,Akko V3 Piano Pro,,
thegioididong_328492,328492,,,Hãng không công bố,Red Switch,,
thegioididong_331136,331136,,,Mini size,,,
thegioididong_332193,332193,,,Hãng không công bố,,,
thegioididong_362516,362516,,,Cỡ 75% - Low Profile,X-Scissors,,
thegioididong_341121,341121,,,Full size,,,
thegioididong_339125,339125,,,Full size,Membrane giả cơ,,
phongvu_1202903,7438,1202903,,,,,
phongvu_1202937,4288,1202937,,,,,
phongvu_1202938,8211,1202938,,,,,
phongvu_1503133,9080,1503133,Wireless,,,,
phongvu_1503243,9088,1503243,Bluetooth,,,,
phongvu_1602542,9569,1602542,,,,,
phongvu_1701205,3139,1701205,,,,,
phongvu_1703677,6583,1703677,,Mechanical,,,
phongvu_1703678,6584,1703678,,Mechanical,Optical Switch,,
phongvu_1703737,6992,1703737,,,,,
phongvu_1703750,190,1703750,,,,,
phongvu_1703782,5243,1703782,,,,,
phongvu_1800231,23471,1800231,,,,,
phongvu_1808294,33008,1808294,,,,,
phongvu_1810781,34840,1810781,,Mechanical,Red Switch,,
phongvu_18110029,37310,18110029,,,,,
phongvu_19040963,40504,19040963,,Mechanical,D Switch,,RGB
phongvu_19040964_SUB_1,40504,19040964_SUB_1,,Mechanical,D Switch,,RGB
phongvu_19050529,41106,19050529,,Mechanical,,,
phongvu_200300352,69040,200300352,,Mechanical,,,
phongvu_200300353,69040,200300353,,Mechanical,,,
phongvu_200600655,67249,200600655,,Mechanical,Switch Blue,,LED
phongvu_200700097,69040,200700097,,Mechanical,,,
phongvu_201000932,80759,201000932,,,,,
phongvu_210200598,149445,210200598,Wireless,,,,
phongvu_210200599,149445,210200599,Wireless,,,,
phongvu_210700023,296793,210700023,Wireless,Mechanical,,,
phongvu_210700024,296793,210700024,Wireless,Mechanical,,,
phongvu_210700025,296793,210700025,Wireless,Mechanical,,,
phongvu_211000720,386914,211000720,,Mechanical,,,RGB
phongvu_211000721,386914,211000721,,Mechanical,OPX Switch,,RGB
phongvu_211003699,390609,211003699,Wireless,,,,
phongvu_211003701,390609,211003701,Wireless,,,,
phongvu_211003702,390612,211003702,Wireless,,,,
phongvu_220100318,411429,220100318,Wireless,Mechanical,White Switch,,
phongvu_220100319,411429,220100319,Wireless,Mechanical,Red Switch,,
phongvu_220100320,411429,220100320,Wireless,Mechanical,Yellow Switch,,
phongvu_220100321,411431,220100321,Wireless,Mechanical,Axis Switch,,
phongvu_220100323,411431,220100323,Wireless,Mechanical,Axis Switch,,
phongvu_220100324,411431,220100324,Wireless,Mechanical,Axis Switch,,
phongvu_220103958,414146,220103958,,Mechanical,Tactile Switch,,
phongvu_220103959,414147,220103959,,Mechanical,Tactile Switch,TKL,
phongvu_220700067,440587,220700067,Wireless,,,,
phongvu_220706624,442517,220706624,,,,,
phongvu_220805960,447749,220805960,Wireless,Mechanical,Red Switch,,
phongvu_220805963,447752,220805963,Wireless,,,,
phongvu_220805964,447752,220805964,Wireless,,,,
phongvu_221002611,465769,221002611,,Mechanical,Green Switch,,
phongvu_221002615,465773,221002615,,Mechanical,,,
phongvu_221002622,465780,221002622,,Mechanical,,,
phongvu_221002642,465800,221002642,,,,,
phongvu_221003457,466959,221003457,,,,,RGB
phongvu_221201649,470945,221201649,,Mechanical,,,
phongvu_221201855,471118,221201855,Wireless,Mechanical,Purple Switch,,
phongvu_221201856,471118,221201856,Wireless,Mechanical,Red Switch,,
phongvu_221201857,471118,221201857,Wireless,Mechanical,Yellow switch,,
phongvu_230105816,498444,230105816,,,,,
phongvu_230202445,396961,230202445,,,Optical switch,,
phongvu_230203658,502541,230203658,,Mechanical,,,
phongvu_230203660,502543,230203660,,,,,RGB
phongvu_230203665,502548,230203665,,Mechanical,D Switch,,RGB
phongvu_230300020,504681,230300020,,,Optical switch,,
phongvu_230302897,507354,230302897,Wired,,Aqua Switch,,
phongvu_230302898,507354,230302898,Wired,,Red Switch,,
phongvu_230304552,508392,230304552,,,,,RGB
phongvu_230401900,510987,230401900,Wired,Mechanical,Yellow Switch,,
phongvu_230401901,510987,230401901,Wired,Mechanical,Green Switch,,
phongvu_230603109,516743,230603109,Wireless,Mechanical,AKKO switch,,
phongvu_230603110,516743,230603110,Wireless,Mechanical,AKKO switch,,
phongvu_230603113,516747,230603113,Wireless,Mechanical,AKKO switch,,
phongvu_230603114,516747,230603114,Wireless,Mechanical,AKKO switch,,
phongvu_230603115,516749,230603115,Wireless,Mechanical,AKKO switch,,
phongvu_230603116,516749,230603116,Wireless,Mechanical,AKKO switch,,
phongvu_230603463,517166,230603463,,,,,
phongvu_230604096,517899,230604096,Wired,,,,
phongvu_230701233,519628,230701233,"Bluetooth, Wireless",,,,
phongvu_230701234,519628,230701234,"Bluetooth, Wireless",,,,
phongvu_230800431,523431,230800431,,Mechanical,Green Switch,,
phongvu_230800432,523431,230800432,,Mechanical,Yellow Switch,,
phongvu_230800433,523433,230800433,,Mechanical,Green Switch,,
phongvu_230800434,523433,230800434,,Mechanical,Yellow Switch,,
phongvu_230901160,527659,230901160,Wireless,Mechanical,,,
phongvu_230903453,528779,230903453,"Bluetooth, Wireless",,,,
phongvu_230903454,528779,230903454,"Bluetooth, Wireless",,,,
phongvu_230903455,528779,230903455,"Bluetooth, Wireless",,,,
phongvu_230903458,528783,230903458,Wireless,Mechanical,,TKL,
phongvu_230903459,528783,230903459,Wireless,Mechanical,,TKL,
phongvu_231002801,531646,231002801,"Bluetooth, Wireless",,,,
phongvu_231002802,531646,231002802,"Bluetooth, Wireless",,,,
phongvu_231002823,531668,231002823,,Mechanical,,,RGB
phongvu_231004191,532962,231004191,"Wireless, Wired",,Red Switch,,LED
phongvu_231101830,534836,231101830,Wireless,Mechanical,Dream switch,,
phongvu_231101853,534860,231101853,,Mechanical,Red Switch,,
phongvu_231101854,534860,231101854,,Mechanical,Blue Switch,,
phongvu_231101855,534860,231101855,,Mechanical,Red Switch,,
phongvu_231101856,534860,231101856,,Mechanical,Blue Switch,,
phongvu_231101857,534862,231101857,,Mechanical,Blue Switch,,
phongvu_231101858,534862,231101858,,Mechanical,Red Switch,,
phongvu_231103018,535485,231103018,,,,,RGB
phongvu_231103025,535498,231103025,Wireless,,,,
phongvu_231103026,535498,231103026,Wireless,,,,
phongvu_231103028,535498,231103028,Wireless,,,,
phongvu_231103029,535498,231103029,Wireless,,,,
phongvu_231103030,535498,231103030,Wireless,,,,
phongvu_231103031,535498,231103031,Wireless,,,,
phongvu_240200110,544144,240200110,Wireless,Mechanical,Dream switch,,
phongvu_240201246,544994,240201246,Wireless,,Red Switch,,
phongvu_240201247,544994,240201247,Wireless,,Blue Switch,,
phongvu_240201248,544995,240201248,Wireless,,Snow Switch,,
phongvu_240201249,544995,240201249,Wireless,,Storm Switch,,
phongvu_240201250,544995,240201250,Wireless,,Storm Switch,,
phongvu_240201251,545327,240201251,Wireless,,Storm Switch,,
phongvu_240201252,544999,240201252,,,Storm Switch,,
phongvu_240300770,545853,240300770,,,,,
phongvu_240302591,547975,240302591,Wired,,,TKL,
phongvu_240303042,548291,240303042,,Mechanical,Akko switch,,RGB
phongvu_240502373,554173,240502373,"Bluetooth, Wireless",Mechanical,,,
phongvu_240502374,554173,240502374,"Bluetooth, Wireless",Mechanical,,,
phongvu_240502375,554173,240502375,"Bluetooth, Wireless",Mechanical,,,
phongvu_240504993,557178,240504993,,Mechanical,Dream switch,,LED
phongvu_240504994,557178,240504994,,Mechanical,Firefly switch,,LED
phongvu_240504996,557180,240504996,,Mechanical,Optical switch,,
phongvu_240602378,561028,240602378,,Mechanical,,,
phongvu_240602389,561028,240602389,,Mechanical,,,
phongvu_240603270,561832,240603270,Wireless,Mechanical,V3 Switch,,
phongvu_240603274,561832,240603274,Wireless,Mechanical,Agile Switch,,
phongvu_240603279,561832,240603279,Wireless,Mechanical,V3 Switch,,
phongvu_240603284,561832,240603284,Wireless,Mechanical,Reaper Switch,,
phongvu_240603288,561852,240603288,Wireless,Mechanical,,,
phongvu_240603293,561852,240603293,Wireless,Mechanical,,,
phongvu_240603297,561852,240603297,Wireless,Mechanical,,,
phongvu_240603298,561853,240603298,Wireless,Mechanical,Reaper switch,,
phongvu_240603302,561852,240603302,Wireless,Mechanical,,,
phongvu_240603303,561853,240603303,Wireless,Mechanical,vein switch,,
phongvu_240603307,561853,240603307,Wireless,Mechanical,Reaper switch,,
phongvu_240603308,561862,240603308,Wireless,Mechanical,,,
phongvu_240603313,561853,240603313,Wireless,Mechanical,V3 Switch,,
phongvu_240603314,561862,240603314,Wireless,Mechanical,,,
phongvu_240603319,561853,240603319,Wireless,Mechanical,V3 Switch,,
phongvu_240603325,561853,240603325,Wireless,Mechanical,V3 Switch,,
phongvu_240603328,561883,240603328,Wireless,Mechanical,Reaper Switch,,
phongvu_240703710,565856,240703710,,Mechanical,,,
phongvu_240703742,565888,240703742,,Mechanical,Optical Switch,,
phongvu_240704210,566356,240704210,,Mechanical,,,
phongvu_240704273,566423,240704273,,,,,
phongvu_240704389,566566,240704389,Wireless,,,,
phongvu_240704391,566562,240704391,,,,,
phongvu_240704405,566582,240704405,Wireless,,,TKL,
phongvu_240704407,566582,240704407,Wireless,,,TKL,
phongvu_240706054,568213,240706054,,Mechanical,Dream switch,,LED
phongvu_240803304,570735,240803304,Wireless,,,,
phongvu_240803305,570735,240803305,Wireless,,,,
phongvu_240803460,570874,240803460,,Mechanical,Switch V3,,RGB
phongvu_240803480,570894,240803480,,Mechanical,,,RGB
phongvu_240805945,573242,240805945,Wireless,,,,
phongvu_240805966,573263,240805966,Wireless,,,,
phongvu_240805967,573267,240805967,,Mechanical,Dream switch,,RGB
phongvu_240805970,573267,240805970,,Mechanical,Dream switch,,RGB
phongvu_240902581,575679,240902581,,Mechanical,,,RGB
phongvu_240908887,582020,240908887,,Mechanical,,,
phongvu_240908895,582030,240908895,Wired,,,,RGB
phongvu_240908901,582038,240908901,Wireless,,,TKL,RGB
phongvu_240908908,582038,240908908,Wireless,,,TKL,RGB
phongvu_240908921,582059,240908921,Wired,,,,
phongvu_240908928,582069,240908928,,,Blue Switch,,
phongvu_241002018,584592,241002018,,Mechanical,,,
phongvu_241002019,584590,241002019,,Membrane/Hybrid,,,
phongvu_241002398,585061,241002398,,Mechanical,Red Switch,,
phongvu_241002403,585060,241002403,Wireless,,Storm Switch,,
phongvu_241002407,585064,241002407,,Mechanical,Dream switch,,RGB
phongvu_241002408,585065,241002408,Wireless,Mechanical,Vector switch,,
phongvu_241002412,585060,241002412,Wireless,,Snow Switch,,
phongvu_241002414,585070,241002414,,Mechanical,Dream switch,,RGB
phongvu_241004148,586912,241004148,Wireless,,,,
phongvu_241004155,586912,241004155,Wireless,,,,
phongvu_241004161,586912,241004161,Wireless,,,,
phongvu_241004166,586912,241004166,Wireless,,,,
phongvu_241101258,589534,241101258,,Mechanical,Switch Blue,,LED
phongvu_241105103,592094,241105103,Wireless,Mechanical,Vector switch,,
phongvu_241105110,592094,241105110,Wireless,Mechanical,V3 switch,,
phongvu_241106182,593196,241106182,Wireless,,,,RGB
phongvu_241106206,593196,241106206,Wireless,,,,RGB
phongvu_241106421,593727,241106421,"Wireless, Wired",,Brown Switch,,LED
phongvu_241204512,596351,241204512,Wireless,Mechanical,V4 switch,,
phongvu_241204513,596357,241204513,Wireless,Mechanical,Vector switch,,
phongvu_241204514,596349,241204514,Wireless,Mechanical,Ramboo switch,,
phongvu_241204517,596354,241204517,Wireless,Mechanical,Reaper switch,,
phongvu_241204518,596352,241204518,Wireless,Mechanical,V4 switch,,
phongvu_241204520,596357,241204520,Wireless,Mechanical,Vector switch,,
phongvu_241204522,596358,241204522,Wireless,Mechanical,V3 switch,,
phongvu_241204526,596363,241204526,Wireless,Mechanical,Latte switch,,
phongvu_241205217,597059,241205217,Wired,,,TKL,
phongvu_241205225,597059,241205225,Wired,,,TKL,
phongvu_241205229,597059,241205229,Wired,,,TKL,
phongvu_250100117,599510,250100117,Wireless,Mechanical,Vector Switch,,
phongvu_250100118,599510,250100118,Wireless,Mechanical,Vector Switch,,
phongvu_250116321,615654,250116321,Wireless,Mechanical,,,
phongvu_250116322,615654,250116322,Wireless,Mechanical,,,
phongvu_250116323,615654,250116323,Wireless,Mechanical,,,
phongvu_250116387,615720,250116387,Wireless,Mechanical,Magnetic Switch,,
phongvu_250116618,615953,250116618,Wireless,Mechanical,V3 switch,,
phongvu_250116619,615953,250116619,Wireless,Mechanical,V3 switch,,
phongvu_250116620,615953,250116620,Wireless,Mechanical,V3 switch,,
phongvu_250116621,615953,250116621,Wireless,Mechanical,V3 switch,,
phongvu_250116622,615953,250116622,Wireless,Mechanical,V3 switch,,
phongvu_250200076,616581,250200076,,Mechanical,,,LED
phongvu_250200077,616556,250200077,,Mechanical,,,LED
phongvu_250203160,617782,250203160,Wireless,Mechanical,Yellow Switch,,
phongvu_250203167,617782,250203167,Wireless,Mechanical,Yellow Switch,,
phongvu_250203275,568225,250203275,,Mechanical,Dream switch,,RGB
phongvu_250203279,617898,250203279,,Mechanical,,,RGB
phongvu_250206341,619945,250206341,Wired,Mechanical,Red Switch,,
phongvu_250206342,619937,250206342,Wireless,Mechanical,Reaper Switch,,
phongvu_250206343,619943,250206343,,Mechanical,AKKO Switch,,RGB
phongvu_250206347,619945,250206347,Wired,Mechanical,Red Switch,,
phongvu_250300509,620476,250300509,,Mechanical,Dream switch,,RGB
phongvu_250300971,620848,250300971,,,,,
phongvu_250300972,620850,250300972,Wireless,Mechanical,Blue Switch,,
phongvu_250300973,620851,250300973,,Mechanical,Brown Switch,,
phongvu_250300977,620851,250300977,,Mechanical,Blue Switch,,
phongvu_250301449,621557,250301449,Wireless,Mechanical,Cloud switch,,
phongvu_250301450,621558,250301450,Wireless,,,,
phongvu_250301451,621561,250301451,Wireless,Mechanical,Cloud switch,,
phongvu_250301452,621563,250301452,Wireless,Mechanical,Cloud switch,,
phongvu_250301453,621564,250301453,Wireless,,,TKL,
phongvu_250301454,621557,250301454,Wireless,Mechanical,Cloud switch,,
phongvu_250301455,621566,250301455,,Mechanical,Dream switch,,
phongvu_250301456,621567,250301456,Wireless,Mechanical,Cloud switch,,
phongvu_250301528,621639,250301528,Wireless,Mechanical,,,LED
phongvu_250301529,621641,250301529,,Mechanical,,,
phongvu_250302272,622354,250302272,,Mechanical,Magnetic Switch,,
phongvu_250302318,622401,250302318,Wireless,Mechanical,Magnetic Switch,,
phongvu_250306237,626350,250306237,Wireless,Mechanical,Magnetic Switch,,
phongvu_250306238,626351,250306238,,Mechanical,Red Switch,,
phongvu_250400540,632492,250400540,Wireless,Mechanical,V3 switch,,
phongvu_250400541,632488,250400541,,Mechanical,Reaper switch,,
phongvu_250400542,632488,250400542,Wireless,Mechanical,Reaper switch,,
phongvu_250400543,632492,250400543,Wireless,Mechanical,Reaper switch,,
phongvu_250400545,632492,250400545,Wireless,Mechanical,V3 switch,,
phongvu_250406853,638843,250406853,,,,,
phongvu_250406858,638851,250406858,Wireless,,,TKL,
phongvu_250410571,642544,250410571,,,Green Switch,,
phongvu_250416611,648653,250416611,Wireless,Mechanical,,,
phongvu_250416612,648652,250416612,Bluetooth,,,,
phongvu_250416620,648668,250416620,"Bluetooth, Wireless",Mechanical,,,
phongvu_250416621,648665,250416621,Bluetooth,,,,
phongvu_250416622,648666,250416622,Bluetooth,,,,
phongvu_250416624,648653,250416624,Wireless,Mechanical,,,
phongvu_250416625,648668,250416625,"Bluetooth, Wireless",Mechanical,,,
phongvu_250503270,655074,250503270,,,,,
phongvu_250512186,666220,250512186,Wireless,Mechanical,Reaper switch,,
phongvu_250512187,666207,250512187,Wireless,,,,
phongvu_250512193,666221,250512193,Wireless,,,,
phongvu_250512195,666215,250512195,Wireless,Mechanical,Vector Switch,,
phongvu_250512200,666220,250512200,Wireless,Mechanical,V3 Switch,,
phongvu_250512201,666221,250512201,Wireless,,,,
phongvu_250512202,666229,250512202,Wireless,Mechanical,Volcano switch,,
phongvu_250512207,666227,250512207,,Mechanical,magnetic switch,,
phongvu_250512208,666228,250512208,Wireless,Mechanical,Red Switch,,RGB
phongvu_250512209,666229,250512209,Wireless,Mechanical,Nimbus switch,,
phongvu_250512213,666245,250512213,,Mechanical,Magnetic switch,,
phongvu_250512214,666235,250512214,Wireless,Mechanical,Red Switch,,
phongvu_250512216,666236,250512216,Wireless,Mechanical,Reaper switch,,
phongvu_250512220,666241,250512220,Wireless,Mechanical,Red Switch,,RGB
phongvu_250512224,666245,250512224,,Mechanical,Magnetic switch,,
phongvu_250512226,666247,250512226,Wireless,Mechanical,Brown Switch,,RGB
phongvu_250512230,666251,250512230,,Mechanical,magnetic switch,,
phongvu_250512232,666253,250512232,Wireless,Mechanical,Banana Switch,,RGB
phongvu_250512235,666268,250512235,,Mechanical,magnetic switch,,
phongvu_250512237,666259,250512237,"Bluetooth, Wireless, Wired",Mechanical,Brown Switch,,
phongvu_250512241,666268,250512241,,Mechanical,magnetic switch,,
phongvu_250512248,666268,250512248,,Mechanical,magnetic switch,,
phongvu_250512280,666207,250512280,Wireless,,,,
phongvu_250512288,666245,250512288,,Mechanical,Magnetic switch,,
phongvu_250521430,677467,250521430,Bluetooth,,,,
phongvu_250638596,716683,250638596,Wireless,Mechanical,,,
phongvu_250638602,716683,250638602,Wireless,Mechanical,,,
phongvu_250640736,719831,250640736,Wired,Mechanical,red switch,,
phongvu_250646093,725250,250646093,,Mechanical,Red switch,,
phongvu_250646095,725250,250646095,,Mechanical,Brown switch,,
phongvu_250646096,725252,250646096,,Mechanical,Dream switch,,
phongvu_250646156,725303,250646156,Wireless,Mechanical,,,
phongvu_250646158,725303,250646158,Wireless,Mechanical,,,
phongvu_250714105,753269,250714105,Wireless,,Wood Switch,,
phongvu_250714106,666215,250714106,Wireless,,Reaper Switch,,
phongvu_250714108,753273,250714108,Wireless,,Jadeite Switch,,
phongvu_250714109,753273,250714109,Wireless,,feather Switch,,
phongvu_250714110,753274,250714110,Wireless,,Reaper Switch,,
phongvu_250714111,753270,250714111,Wired,Mechanical,,,
phongvu_250714112,596358,250714112,Wireless,,Nimbus switch,,
phongvu_250714113,753276,250714113,Wireless,,vector Switch,,
phongvu_250714114,753274,250714114,Wireless,,Vein Switch,,
phongvu_250714115,753273,250714115,Wireless,,feather switch,,
phongvu_250716118,797258,250716118,Wireless,,,,
phongvu_250716137,755351,250716137,Wireless,,,,
phongvu_250716144,755351,250716144,Wireless,,,,
phongvu_250719876,759356,250719876,Wired,Mechanical,,,
phongvu_250719881,759360,250719881,Wired,Mechanical,Red Switch,,
phongvu_250719885,759365,250719885,Wireless,Mechanical,Obsidian Switch,,
phongvu_250804294,766907,250804294,,,,,
phongvu_250804295,766908,250804295,,,,,
phongvu_250804615,767228,250804615,,,,,
phongvu_250807890,770799,250807890,,Mechanical,,,
phongvu_250807895,770805,250807895,Wired,,,,
phongvu_250808336,771517,250808336,Wired,Mechanical,magnetic switch,,
phongvu_250808337,771517,250808337,Wired,Mechanical,magnetic switch,,
phongvu_250808338,771517,250808338,Wired,Mechanical,magnetic switch,,
phongvu_250808773,771990,250808773,Wireless,Mechanical,,,
phongvu_250808780,771990,250808780,Wireless,Mechanical,,,
phongvu_250809128,772394,250809128,Wireless,Mechanical,,,
phongvu_250900527,773096,250900527,,Mechanical,,TKL,
phongvu_250904048,776743,250904048,,Mechanical,Dream switch,,
phongvu_250904233,776929,250904233,,,,,
phongvu_250906255,778968,250906255,,Mechanical,,,
phongvu_250906261,778974,250906261,,Mechanical,,,
phongvu_250906283,778997,250906283,,Mechanical,,,
phongvu_250911672,784528,250911672,,,,,
phongvu_250911686,784552,250911686,Wireless,,,,
phongvu_250911696,784552,250911696,Wireless,,,,
phongvu_251005739,755351,251005739,Wireless,,,,
phongvu_251005760,792511,251005760,Wireless,Mechanical,,,
phongvu_251005762,792513,251005762,Wired,Mechanical,,,
phongvu_251005773,792526,251005773,Wireless,Mechanical,Storm Switch,,
phongvu_251005775,792526,251005775,Wireless,Mechanical,Snow Switch,,
phongvu_251011302,799440,251011302,Wired,Mechanical,,,
phongvu_251011303,799444,251011303,,Mechanical,,,
phongvu_251011307,799447,251011307,Wired,Mechanical,,,
phongvu_251011308,799448,251011308,Wireless,Mechanical,,,
phongvu_251012459,800640,251012459,,Mechanical,,,
phongvu_251012476,800656,251012476,,Mechanical,Reaper switch,,
phongvu_251012481,800656,251012481,,Mechanical,Reaper switch,,
phongvu_251014071,802307,251014071,Wireless,Mechanical,,,
phongvu_251014073,802307,251014073,Wireless,Mechanical,,,
phongvu_251017422,807305,251017422,Wireless,,,,
phongvu_251100567,811331,251100567,,,,,
phongvu_251103304,814010,251103304,Wired,Mechanical,,,
phongvu_251107186,818343,251107186,Wired,Mechanical,Blue Switch,,
phongvu_251107192,818353,251107192,Wired,Mechanical,,,
phongvu_251111625,822720,251111625,,Mechanical,,,
phongvu_251113496,824654,251113496,Wired,Mechanical,,,
phongvu_251202921,828556,251202921,Wireless,Mechanical,,,
phongvu_251202928,828556,251202928,Wireless,Mechanical,,,
phongvu_251202929,828557,251202929,Wireless,Mechanical,,,
phongvu_251207548,833432,251207548,Wireless,Mechanical,,,
phongvu_251207554,833433,251207554,Wireless,Mechanical,,,
phongvu_251207561,833432,251207561,Wireless,Mechanical,,,
phongvu_251211472,837865,251211472,Wired,Mechanical,,,
phongvu_251211500,837865,251211500,Wired,Mechanical,,,
phongvu_260102025,840868,260102025,Wireless,Mechanical,,,
phongvu_260102032,840878,260102032,Wireless,Mechanical,,,
phongvu_260102038,840878,260102038,Wireless,Mechanical,,,
phongvu_260102045,840884,260102045,Wireless,Mechanical,,,
phongvu_260102051,840884,260102051,Wireless,Mechanical,,,
phongvu_260102058,840897,260102058,Wired,Mechanical,,,
phongvu_260102065,840905,260102065,Wired,Mechanical,,,
phongvu_260102073,840919,260102073,Wired,Mechanical,,,
phongvu_260102078,840919,260102078,Wired,Mechanical,,,
phongvu_260102087,840927,260102087,Wired,Mechanical,,,
phongvu_260102092,840868,260102092,Wireless,Mechanical,,,
phongvu_260105213,844023,260105213,,,,,
phongvu_260105346,844156,260105346,,,,,
phongvu_260105472,844282,260105472,,,,,
phongvu_260105703,844512,260105703,Wireless,,,,
phongvu_260105709,844521,260105709,Wireless,,,,
phongvu_260200460,848787,260200460,Wired,Mechanical,Storm Switch,,
phongvu_260200465,848787,260200465,Wired,Mechanical,Snow Switch,,
phongvu_260201489,849887,260201489,Wired,Mechanical,,TKL,
phongvu_260201492,849845,260201492,Wired,,,,
phongvu_260201493,849848,260201493,Wired,Mechanical,,,
phongvu_260201498,849853,260201498,Wired,,,TKL,
phongvu_260201500,849852,260201500,Wireless,Mechanical,,,
phongvu_260201504,849858,260201504,Wired,Mechanical,,,
phongvu_260201505,849866,260201505,Wireless,Mechanical,,,
phongvu_260201508,849862,260201508,Wired,Mechanical,,,
phongvu_260201511,849865,260201511,Wired,Mechanical,,,
phongvu_260201512,850059,260201512,Wireless,Mechanical,,,
phongvu_260201514,849869,260201514,Wired,Mechanical,,,
phongvu_260201518,849865,260201518,Wired,Mechanical,,,
phongvu_260201519,849873,260201519,Wired,Mechanical,,TKL,
phongvu_260201526,849865,260201526,Wired,Mechanical,,,
phongvu_260201527,849880,260201527,Wireless,Mechanical,,TKL,
phongvu_260201532,849884,260201532,Wired,Mechanical,,,
phongvu_260201533,849887,260201533,Wired,Mechanical,,TKL,
phongvu_260202537,850893,260202537,Wireless,Mechanical,,,
phongvu_260202540,850898,260202540,Wired,Mechanical,,,
phongvu_260300912,853597,260300912,Wired,,Red switch,,
phongvu_260300931,853597,260300931,Wired,,Red switch,,
phongvu_260301633,854326,260301633,Wireless,Mechanical,Creamsicle Switch,,
phongvu_260301646,854338,260301646,Wireless,Mechanical,Latte Switch,,
phongvu_260301653,854338,260301653,Wireless,Mechanical,Latte Switch,,
phongvu_260301659,854350,260301659,,Mechanical,Magnetic Switch,,
phongvu_260301665,854357,260301665,,Mechanical,Magetic Switch,,
phongvu_260301672,854370,260301672,,Mechanical,Magnetic Switch,,
phongvu_260301679,854370,260301679,,Mechanical,Magnetic Switch,,
phongvu_260304418,857434,260304418,Wireless,Mechanical,Pink Switch,,
phongvu_260304420,857421,260304420,Wireless,Mechanical,Pink Switch,,
phongvu_260304426,857434,260304426,Wireless,Mechanical,Pink Switch,,
phongvu_260304429,857428,260304429,Wired,Mechanical,Pink Switch,,
phongvu_260304434,857434,260304434,Wireless,Mechanical,Pink Switch,,
phongvu_260304435,857448,260304435,Wireless,Mechanical,Piano Switch,,
phongvu_260304436,857421,260304436,Wireless,Mechanical,Pink Switch,,
phongvu_260304440,857421,260304440,Wireless,Mechanical,Pink Switch,,
phongvu_260304441,857448,260304441,Wireless,Mechanical,Piano Switch,,
phongvu_260304446,857448,260304446,Wireless,Mechanical,Piano Switch,,
phongvu_260304448,857421,260304448,Wireless,Mechanical,Pink Switch,,
phongvu_260400554,860362,260400554,Wired,Mechanical,,,
phongvu_260400556,860335,260400556,Wireless,Mechanical,Red Switch,,
phongvu_260400561,860341,260400561,Wireless,Mechanical,Red Switch,,
phongvu_260400566,860349,260400566,Wired,Mechanical,Magnetic Switch,,
phongvu_260400569,860352,260400569,Wireless,Mechanical,,,
phongvu_260400574,860362,260400574,Wired,Mechanical,,,
phongvu_260402858,862666,260402858,Wired,,Magnetic Switch,,
phongvu_260402865,862679,260402865,Wired,,Gaming Switch,,
phongvu_260402871,862679,260402871,Wired,,Gaming Switch,,
phongvu_260402878,862685,260402878,Wired,,Pro Switch,,RGB
phongvu_260402889,862710,260402889,Wired,,Zenith Switch,,
phongvu_260402896,862710,260402896,Wired,,Zenith Switch,,
phongvu_260402903,862710,260402903,Wired,,Zenith Switch,,
phongvu_260402909,862730,260402909,Wired,,BrightBlade Switch,,
phongvu_260402916,862730,260402916,Wired,,BrightBlade Switch,,
phongvu_260402923,862730,260402923,Wired,,Iceblade Switch,,
phongvu_260402931,862730,260402931,Wired,,Iceblade Switch,,
phongvu_260402937,862730,260402937,Wired,,Iceblade Switch,,
phongvu_260402944,862666,260402944,Wired,,Magnetic Switch,,
phongvu_260402950,862666,260402950,Wired,,Magnetic Switch,,
phongvu_260501476,869636,260501476,Wired,,,,
phongvu_260503903,872090,260503903,Wireless,,,,
phongvu_260503948,872134,260503948,Wired,Mechanical,Purple Switch,,
phongvu_260508559,876965,260508559,Wired,Mechanical,Tactile switch,TKL,
phongvu_260508565,876971,260508565,Wired,Mechanical,Tactile switch,TKL,
phongvu_260508572,876971,260508572,Wired,Mechanical,Tactile switch,TKL,
phongvu_260508591,876965,260508591,Wired,Mechanical,Tactile switch,TKL,
phongvu_260602174,879810,260602174,Wireless,Mechanical,Anya switch,,
phongvu_260602233,879810,260602233,Wireless,Mechanical,Anya switch,,
phongvu_260602604,880225,260602604,Wireless,,,,
phongvu_260603134,880761,260603134,,Membrane/Hybrid,,,
phongvu_260603142,880768,260603142,,Mechanical,Red Switch,,
phongvu_260700036,881523,260700036,Wireless,,Clicky switch,TKL,
phongvu_260700037,881523,260700037,Wireless,,Linear switch,TKL,
phongvu_260701742,883328,260701742,Wireless,,,,
phongvu_260701766,883322,260701766,Wired,Mechanical,Magnetic switch,,
phongvu_260701771,883328,260701771,Wireless,,,,
phongvu_260703465,885309,260703465,Wired,Mechanical,,,
phongvu_260703471,885309,260703471,Wired,Mechanical,,,
phongvu_260704559,886577,260704559,Wireless,Mechanical,X3 switch,,
phongvu_260704560,886579,260704560,Wireless,Mechanical,Pegasus Switch,,
phongvu_260704562,886576,260704562,Wired,Mechanical,Pink switch,,
phongvu_260704566,886579,260704566,Wireless,Mechanical,Pegasus Switch,,
phongvu_260704567,886594,260704567,Wireless,Mechanical,Magnetic switch,,
phongvu_260704568,886586,260704568,Wireless,Mechanical,V3 switch,,
phongvu_260704572,886586,260704572,Wireless,Mechanical,Barbie switch,,
phongvu_260704574,886594,260704574,Wireless,Mechanical,Magnetic switch,,
phongvu_260704578,886577,260704578,Wireless,Mechanical,Seascape switch,,
phongvu_260704579,886576,260704579,Wired,Mechanical,Blue switch,,
phongvu_260704580,886594,260704580,Wireless,Mechanical,Magnetic switch,,
phongvu_260704584,886577,260704584,Wireless,Mechanical,Panda switch,,
phongvu_260704586,886576,260704586,Wired,Mechanical,Blue switch,,
phongvu_260704588,886586,260704588,Wireless,Mechanical,V3 switch,,
phongvu_260704590,886577,260704590,Wireless,Mechanical,Mint switch,,
phongvu_260704592,886607,260704592,Wireless,Mechanical,Red switch,,
phongvu_260704594,886576,260704594,Wired,Mechanical,Pink switch,,
phongvu_260705968,888152,260705968,Wireless,Mechanical,Snow switch,,
phongvu_260705975,888152,260705975,Wireless,Mechanical,Storm switch,,
phongvu_260705982,888172,260705982,Wired,Mechanical,,,
phongvu_260705989,888172,260705989,Wired,Mechanical,,,
phongvu_260705996,888179,260705996,Wireless,Mechanical,,,
phongvu_260706004,888187,260706004,Wireless,Mechanical,,,
phongvu_260706013,888201,260706013,Wireless,Mechanical,,,
phongvu_260706019,888201,260706019,Wireless,Mechanical,,,
phongvu_260801467,890620,260801467,Wired,Mechanical,Iceblade Switch,,
phongvu_260801471,890620,260801471,Wired,Mechanical,Iceblade Switch,,
phongvu_260801479,890620,260801479,Wired,Mechanical,Iceblade Switch,,
phongvu_260801487,890620,260801487,Wired,Mechanical,Iceblade Switch,,
phongvu_260801491,890629,260801491,Wireless,Mechanical,Mechanical Switch,,
phongvu_260801497,890649,260801497,Wired,Mechanical,,,
phongvu_260801503,890649,260801503,Wired,Mechanical,,,
phongvu_260801510,890649,260801510,Wired,Mechanical,,,
phongvu_260801541,890687,260801541,Wireless,Mechanical,,,
phongvu_260801555,890705,260801555,Wired,Mechanical,Iceblade Switch,,
phongvu_260801556,890705,260801556,Wired,Mechanical,Iceblade Switch,,
phongvu_260803512,892714,260803512,Wireless,Mechanical,Sakura Switch,,
phongvu_260803519,892714,260803519,Wireless,Mechanical,Sakura Switch,,
phongvu_260803537,892748,260803537,Wireless,Mechanical,magnetic switch,,
phongvu_260803538,892736,260803538,Wireless,Mechanical,Red Switch,,
phongvu_260803544,892748,260803544,Wireless,Mechanical,magnetic switch,,
phongvu_260803545,892742,260803545,Wired,Mechanical,Red Switch,,
phongvu_260803549,892748,260803549,Wireless,Mechanical,magnetic switch,,
phongvu_260803550,892755,260803550,Wireless,Mechanical,Nebula Switch,,
phongvu_260803556,892761,260803556,Wireless,Mechanical,White switch,,
phongvu_260803557,892755,260803557,Wireless,Mechanical,Nebula Switch,,
phongvu_260803563,892761,260803563,Wireless,Mechanical,White switch,,
phongvu_260803564,892762,260803564,Wireless,Mechanical,Red Switch,,
phongvu_260803569,892768,260803569,Wired,Mechanical,Brown switch,,
phongvu_260803570,892769,260803570,Wireless,,,,
phongvu_260803576,892774,260803576,Wireless,Mechanical,Raindrop switch,,
phongvu_260803577,892775,260803577,Wireless,Mechanical,Red Switch,,
phongvu_260803583,892781,260803583,Wired,Mechanical,Magnetic Switch,,
phongvu_260805896,895198,260805896,Wireless,Mechanical,Vector switch,,
phongvu_260805905,895222,260805905,Wireless,Mechanical,Candy Switch,,
phongvu_260805913,895222,260805913,Wireless,Mechanical,Candy Switch,,
phongvu_260805919,895222,260805919,Wireless,Mechanical,Candy Switch,,
phongvu_260901678,897069,260901678,,,,,
phongvu_260901686,897076,260901686,,Membrane/Hybrid,,,
phongvu_260901693,897090,260901693,,Membrane/Hybrid,,,
phongvu_260901700,897090,260901700,,Membrane/Hybrid,,,
phongvu_260901708,897098,260901708,Wireless,Mechanical,,,
phongvu_260901715,897120,260901715,Wireless,Mechanical,,,
phongvu_260901722,897120,260901722,Wireless,Mechanical,,,
phongvu_260901729,897120,260901729,Wireless,Mechanical,,,
