record_id,product_id,sku,screen_size_inch,resolution,refresh_rate_hz,panel_type,response_time_ms
thegioididong_363462,363462,,23.8,1920x1080,144.0,IPS,1.0
thegioididong_370022,370022,,27.0,1920x1080,144.0,IPS,1.0
thegioididong_365862,365862,,27.0,1920x1080,144.0,IPS,1.0
thegioididong_329690,329690,,21.45,1920x1080,100.0,VA,1.0
thegioididong_365786,365786,,24.0,1920x1080,100.0,IPS,1.0
thegioididong_358835,358835,,27.0,1920x1080,144.0,IPS,4.0
thegioididong_364381,364381,,27.0,1920x1080,120.0,VA,2.0
thegioididong_339897,339897,,27.0,1920x1080,100.0,IPS,5.0
thegioididong_338142,338142,,23.8,1920x1080,120.0,IPS,1.0
thegioididong_339092,339092,,21.5,1920x1080,100.0,IPS,5.0
thegioididong_365871,365871,,23.8,1920x1080,144.0,IPS,1.0
thegioididong_358205,358205,,24.5,1920x1080,100.0,IPS,1.0
thegioididong_342212,342212,,27.0,1920x1080,180.0,VA,1.0
thegioididong_331920,331920,,23.8,1920x1080,120.0,IPS,1.0
thegioididong_328849,328849,,24.5,1920x1080,120.0,IPS,1.0
thegioididong_365874,365874,,27.0,1920x1080,144.0,IPS,6.0
thegioididong_364378,364378,,24.5,1920x1080,240.0,Rapid IPS,0.5
thegioididong_342369,342369,,27.0,1920x1080,240.0,Fast IPS,0.3
thegioididong_362657,362657,,27.0,1920x1080,144.0,IPS,1.0
thegioididong_322529,322529,,34.0,3K (3440 x 1440),100.0,VA,5.0
thegioididong_322533,322533,,27.0,2560x1440,165.0,VA,1.0
thegioididong_331656,331656,,27.0,1920x1080,100.0,IPS,5.0
thegioididong_335630,335630,,27.0,1920x1080,180.0,IPS,1.0
thegioididong_370021,370021,,23.8,1920x1080,144.0,IPS,1.0
thegioididong_367218,367218,,27.0,2560x1440,180.0,OLED,0.03
thegioididong_369752,369752,,27.0,2560x1440,144.0,IPS,1.0
thegioididong_361203,361203,,24.0,2560x1440,144.0,Fast IPS,0.5
thegioididong_365863,365863,,15.6,1920x1080,60.0,IPS,5.0
thegioididong_342368,342368,,23.8,1920x1080,240.0,Fast IPS,0.3
thegioididong_367219,367219,,27.0,2560x1440,200.0,IPS,1.0
thegioididong_368644,368644,,23.8,1920x1080,200.0,IPS,0.5
thegioididong_344716,344716,,23.8,1920x1080,100.0,IPS,6.5
thegioididong_349979,349979,,23.8,1920x1080,240.0,Rapid IPS,0.5
thegioididong_364960,364960,,15.6,1920x1080,60.0,IPS,5.0
thegioididong_339094,339094,,24.5,1920x1080,200.0,Fast IPS,1.0
thegioididong_368264,368264,,24.0,1920x1080,144.0,IPS,5.0
thegioididong_336402,336402,,23.8,1920x1080,146.0,IPS,1.0
thegioididong_370877,370877,,27.0,2560x1440,220.0,Fast IPS,1.0
thegioididong_334381,334381,,23.8,1920x1080,200.0,IPS,4.0
thegioididong_364964,364964,,34.0,2560x1440,120.0,VA,1.0
thegioididong_358834,358834,,15.6,1920x1080,60.0,IPS,4.0
thegioididong_332008,332008,,27.0,1920x1080,120.0,IPS,1.0
thegioididong_358519,358519,,24.1,WUXGA (1920 x 1200),100.0,IPS,5.0
thegioididong_362654,362654,,23.8,1920x1080,144.0,IPS,6.0
thegioididong_290765,290765,,27.0,UHD (3840 x 2160),60.0,IPS,5.0
thegioididong_370881,370881,,23.8,1920x1080,260.0,Fast IPS,1.0
thegioididong_358202,358202,,27.0,2560x1440,120.0,IPS,5.0
thegioididong_365872,365872,,27.0,2560x1440,210.0,Fast IPS,0.3
thegioididong_328465,328465,,32.0,UHD (3840 x 2160),240.0,OLED,0.03
thegioididong_365785,365785,,16.0,1920x1080,60.0,IPS,7.0
thegioididong_364965,364965,,34.0,2560x1440,120.0,VA,1.0
thegioididong_364950,364950,,27.0,2560x1440,300.0,Fast IPS,1.0
thegioididong_364309,364309,,16.0,WUXGA (1920 x 1200),75.0,IPS,5.0
thegioididong_358521,358521,,27.0,1920x1080,240.0,Rapid IPS,0.5
thegioididong_358385,358385,,27.0,1920x1080,280.0,Rapid VA,0.5
thegioididong_341854,341854,,27.0,1920x1080,100.0,IPS,1.0
thegioididong_334382,334382,,27.0,1920x1080,200.0,IPS,4.0
thegioididong_370878,370878,,34.0,2560x1440,200.0,VA,1.0
thegioididong_337072,337072,,27.0,2560x1440,180.0,IPS,1.0
thegioididong_364311,364311,,27.0,4k (3840 x 2160),60.0,IPS,5.0
thegioididong_344717,344717,,27.0,1920x1080,240.0,Rapid VA,0.5
thegioididong_370025,370025,,27.0,2560x1440,144.0,IPS,1.0
thegioididong_342555,342555,,27.0,UHD (3840 x 2160),120.0,IPS,5.0
thegioididong_370019,370019,,26.5,2560x1440,540.0,WOLED,0.02
thegioididong_364961,364961,,27.0,5K (5120 x 2880),60.0,IPS,5.0
thegioididong_364954,364954,,27.0,2560x1440,255.0,Fast IPS,1.0
thegioididong_363500,363500,,27.0,5K Retina XDR (5120 x 2880),120.0,Hãng không công bố,
thegioididong_361202,361202,,32.0,UHD (3840 x 2160),240.0,WOLED,0.03
thegioididong_361200,361200,,26.5,2560x1440,280.0,QD-OLED,0.03
thegioididong_361198,361198,,34.0,2560x1440,175.0,OLED,0.03
thegioididong_358836,358836,,26.5,2560x1440,500.0,QD-OLED,0.03
thegioididong_335629,335629,,24.5,1920x1080,200.0,IPS,1.0
thegioididong_332351,332351,,27.0,UHD (3840 x 2160),60.0,IPS,5.0
thegioididong_370884,370884,,27.0,1920x1080,120.0,IPS,5.0
thegioididong_365866,365866,,24.5,1920x1080,300.0,Rapid IPS,0.5
thegioididong_364379,364379,,27.0,2560x1440,240.0,Rapid IPS,0.5
thegioididong_364313,364313,,27.0,2560x1440,144.0,IPS,5.0
thegioididong_364310,364310,,27.0,2560x1440,75.0,IPS,5.0
thegioididong_363495,363495,,27.0,5K Retina (5120 x 2880),60.0,Hãng không công bố,
thegioididong_362653,362653,,27.0,2560x1440,200.0,IPS,1.0
thegioididong_370883,370883,,23.8,1920x1080,120.0,IPS,5.0
thegioididong_370882,370882,,32.0,4k (3840 x 2160),165.0,OLED,0.03
thegioididong_370880,370880,,34.0,2560x1440,280.0,QD-OLED,0.03
thegioididong_370861,370861,,16.0,1920x1080,60.0,IPS,6.0
thegioididong_365868,365868,,31.5,UHD (3840 x 2160),240.0,QD-OLED,0.03
thegioididong_365867,365867,,26.5,2560x1440,500.0,QD-OLED,0.03
thegioididong_364962,364962,,32.0,8K (7680x4320),60.0,IPS,5.0
thegioididong_364953,364953,,26.5,2560x1440,540.0,WOLED,0.02
thegioididong_364952,364952,,26.5,2560x1440,240.0,WOLED,0.03
thegioididong_363498,363498,,27.0,5K Retina (5120 x 2880),60.0,Hãng không công bố,
thegioididong_341853,341853,,26.5,2560x1440,240.0,QD-OLED,0.03
thegioididong_321396,321396,,27.0,1920x1080,100.0,IPS,6.0
thegioididong_319480,319480,,27.0,2560x1440,75.0,IPS,5.0
thegioididong_370964,370964,,27.0,2560x1440,220.0,Fast IPS,1.0
thegioididong_370876,370876,,27.0,1920x1080,260.0,Fast IPS,0.3
thegioididong_368267,368267,,32.0,4k (3840 x 2160),240.0,OLED,0.03
thegioididong_368266,368266,,49.0,2560x1440,240.0,OLED,0.03
thegioididong_368265,368265,,27.0,2560x1440,240.0,OLED,0.03
thegioididong_365870,365870,,34.0,2560x1440,360.0,QD-OLED,0.03
thegioididong_358203,358203,,27.0,1920x1080,200.0,Fast IPS,1.0
thegioididong_356846,356846,,27.0,2560x1440,210.0,Fast IPS,0.3
thegioididong_349978,349978,,27.0,1920x1080,280.0,VA,0.5
thegioididong_339093,339093,,27.0,1920x1080,100.0,IPS,5.0
thegioididong_370024,370024,,27.0,2560x1440,210.0,Rapid IPS,0.5
thegioididong_370026,370026,,27.0,1920x1080,144.0,IPS,
thegioididong_362656,362656,,27.0,2560x1440,120.0,IPS,6.0
thegioididong_338144,338144,,27.0,UHD (3840 x 2160),60.0,IPS,6.0
thegioididong_361204,361204,,27.0,2560x1440,144.0,Fast IPS,0.5
thegioididong_339095,339095,,27.0,1920x1080,120.0,IPS,1.0
thegioididong_337314,337314,,24.5,1920x1080,200.0,Rapid IPS,0.5
thegioididong_331654,331654,,23.8,1920x1080,100.0,IPS,5.0
thegioididong_364963,364963,,27.0,2560x1440,144.0,IPS,4.0
thegioididong_362353,362353,,27.0,2560x1440,180.0,IPS,1.0
thegioididong_358204,358204,,23.8,1920x1080,144.0,IPS,4.0
thegioididong_337235,337235,,27.0,1920x1080,146.0,IPS,1.0
thegioididong_364380,364380,,21.45,1920x1080,120.0,VA,1.0
thegioididong_363460,363460,,27.0,2560x1440,165.0,IPS,0.3
thegioididong_335749,335749,,23.8,1920x1080,100.0,IPS,1.0
thegioididong_334003,334003,,24.5,1920x1080,100.0,IPS,1.0
phongvu_1404339.0,1729,1404339.0,19.5,,60.0,TN,5.0
phongvu_1502539.0,7442,1502539.0,19.5,,60.0,TN,5.0
phongvu_1503218.0,7442,1503218.0,18.5,,60.0,TN,5.0
phongvu_1600185.0,7442,1600185.0,21.5,1920x1080,60.0,TN,5.0
phongvu_1601383.0,7405,1601383.0,23.5,1920x1080,60.0,PLS,4.0
phongvu_1602072.0,1881,1602072.0,27.0,1920x1080,60.0,VA,4.0
phongvu_1810783.0,34842,1810783.0,19.5,,60.0,TN,5.0
phongvu_18120287.0,38053,18120287.0,23.8,1920x1080,75.0,IPS,5.0
phongvu_19040030.0,39568,19040030.0,27.0,1920x1080,60.0,VA,4.0
phongvu_19060085.0,644035,19060085.0,27.0,2560x1440,60.0,IPS,5.0
phongvu_191007010.0,55177,191007010.0,31.5,,60.0,IPS,5.0
phongvu_200200451.0,59669,200200451.0,27.0,1920x1080,280.0,IPS,1.0
phongvu_200200554.0,59779,200200554.0,23.8,1920x1080,75.0,IPS,5.0
phongvu_200201227.0,60542,200201227.0,21.5,1920x1080,75.0,IPS,5.0
phongvu_200400872.0,64915,200400872.0,29.0,,75.0,IPS,5.0
phongvu_200500537.0,591659,200500537.0,19.5,,60.0,TN,5.0
phongvu_200600633.0,39568,200600633.0,31.5,1920x1080,75.0,VA,4.0
phongvu_200600782.0,644189,200600782.0,27.0,2560x1440,165.0,VA,1.0
phongvu_200601200.0,622110,200601200.0,24.0,,75.0,IPS,5.0
phongvu_200601201.0,622111,200601201.0,27.0,2560x1440,75.0,IPS,5.0
phongvu_200700260.0,69289,200700260.0,27.0,2560x1440,75.0,IPS,5.0
phongvu_200700263.0,643807,200700263.0,21.5,1920x1080,60.0,TN,5.0
phongvu_200900219.0,77255,200900219.0,27.0,1920x1080,75.0,IPS,5.0
phongvu_201200061.0,128351,201200061.0,27.0,1920x1080,75.0,IPS,8.0
phongvu_201200062.0,139631,201200062.0,27.0,1920x1080,144.0,IPS,1.0
phongvu_201201627.0,137427,201201627.0,34.0,,144.0,VA,1.0
phongvu_210200899.0,644009,210200899.0,20.7,1920x1080,60.0,TN,5.0
phongvu_210301233.0,178038,210301233.0,27.0,,60.0,IPS,5.0
phongvu_210400403.0,189747,210400403.0,23.8,2560x1440,75.0,IPS,5.0
phongvu_210404451.0,205393,210404451.0,24.0,,,,
phongvu_210404526.0,205468,210404526.0,,,,,
phongvu_210501422.0,220251,210501422.0,27.0,1920x1080,75.0,IPS,5.0
phongvu_210501811.0,228856,210501811.0,27.0,1920x1080,165.0,VA,1.0
phongvu_210501844.0,643985,210501844.0,27.0,2560x1440,170.0,IPS,0.5
phongvu_210501845.0,228889,210501845.0,32.0,2560x1440,165.0,IPS,0.8
phongvu_210501847.0,228891,210501847.0,31.5,2560x1440,165.0,IPS,1.0
phongvu_210501849.0,228894,210501849.0,48.0,,120.0,VA,1.0
phongvu_210502059.0,229043,210502059.0,24.5,1920x1080,240.0,IPS,1.0
phongvu_210502060.0,229044,210502060.0,27.0,1920x1080,144.0,IPS,1.0
phongvu_210502582.0,237957,210502582.0,23.8,1920x1080,60.0,IPS,5.0
phongvu_210601396.0,258865,210601396.0,32.0,1920x1080,60.0,VA,8.0
phongvu_210601738.0,263846,210601738.0,18.5,,60.0,TN,5.0
phongvu_210601996.0,644187,210601996.0,27.0,1920x1080,75.0,IPS,5.0
phongvu_210602226.0,644154,210602226.0,23.8,1920x1080,75.0,IPS,4.0
phongvu_210602227.0,272318,210602227.0,24.0,,60.0,IPS,5.0
phongvu_210602229.0,644153,210602229.0,27.0,1920x1080,75.0,IPS,4.0
phongvu_210602230.0,644155,210602230.0,27.0,,60.0,IPS,4.0
phongvu_210602367.0,276635,210602367.0,34.0,,165.0,VA,1.0
phongvu_210700008.0,296778,210700008.0,27.0,2560x1440,170.0,IPS,1.0
phongvu_210801069.0,644159,210801069.0,23.8,2560x1440,75.0,IPS,4.0
phongvu_210801070.0,365743,210801070.0,23.8,1920x1080,75.0,IPS,4.0
phongvu_210900501.0,376883,210900501.0,34.0,,60.0,IPS,5.0
phongvu_210900504.0,376886,210900504.0,37.5,2560x1440,60.0,IPS,5.0
phongvu_210900553.0,377253,210900553.0,23.8,1920x1080,60.0,IPS,5.0
phongvu_210900554.0,377254,210900554.0,34.0,,60.0,IPS,5.0
phongvu_210900560.0,377260,210900560.0,27.0,1920x1080,165.0,VA,1.0
phongvu_210900611.0,643809,210900611.0,27.0,2560x1440,60.0,IPS,5.0
phongvu_211001503.0,388089,211001503.0,23.6,1920x1080,60.0,,8.0
phongvu_211002912.0,390025,211002912.0,23.8,1920x1080,75.0,IPS,5.0
phongvu_211101724.0,644156,211101724.0,31.5,,60.0,VA,4.0
phongvu_211101726.0,397315,211101726.0,23.8,1920x1080,60.0,IPS,5.0
phongvu_211103371.0,398786,211103371.0,27.0,1920x1080,165.0,VA,1.0
phongvu_211109625.0,404408,211109625.0,23.8,1920x1080,60.0,IPS,5.0
phongvu_211202194.0,407304,211202194.0,32.0,1920x1080,60.0,VA,8.0
phongvu_211202450.0,407563,211202450.0,27.0,1920x1080,75.0,IPS,1.0
phongvu_211203640.0,407966,211203640.0,27.0,1920x1080,240.0,VA,1.0
phongvu_211209689.0,410159,211209689.0,27.0,2560x1440,75.0,IPS,4.0
phongvu_211210634.0,644148,211210634.0,22.0,1920x1080,60.0,VA,5.0
phongvu_220200735.0,644151,220200735.0,23.8,1920x1080,60.0,IPS,8.0
phongvu_220202583.0,416681,220202583.0,28.0,2560x1440,60.0,IPS,4.0
phongvu_220300510.0,128608,220300510.0,31.5,1920x1080,165.0,VA,1.0
phongvu_220400349.0,420576,220400349.0,31.5,1920x1080,75.0,IPS,4.0
phongvu_220401044.0,420959,220401044.0,31.5,2560x1440,165.0,VA,2.0
phongvu_220401045.0,420960,220401045.0,31.5,1920x1080,165.0,VA,5.0
phongvu_220401047.0,420962,220401047.0,27.0,1920x1080,165.0,IPS,1.0
phongvu_220401049.0,420964,220401049.0,27.0,1920x1080,240.0,IPS,1.0
phongvu_220401051.0,420966,220401051.0,23.8,2560x1440,60.0,IPS,5.0
phongvu_220401052.0,420967,220401052.0,27.0,2560x1440,60.0,IPS,5.0
phongvu_220503008.0,424636,220503008.0,34.0,2560x1440,144.0,VA,1.0
phongvu_220605606.0,432208,220605606.0,30.0,,200.0,VA,1.0
phongvu_220605607.0,432209,220605607.0,29.5,,220.0,IPS,1.0
phongvu_220609199.0,437240,220609199.0,32.0,2560x1440,75.0,IPS,4.0
phongvu_220609201.0,437242,220609201.0,23.8,1920x1080,60.0,IPS,5.0
phongvu_220609614.0,437651,220609614.0,24.5,1920x1080,360.0,IPS,3.0
phongvu_220609871.0,437840,220609871.0,27.0,2560x1440,75.0,VA,4.0
phongvu_220609924.0,437892,220609924.0,27.0,2560x1440,165.0,VA,1.0
phongvu_220700392.0,441012,220700392.0,14.0,1920x1080,60.0,IPS,6.0
phongvu_220700393.0,441013,220700393.0,27.0,2560x1440,60.0,IPS,8.0
phongvu_220700394.0,441014,220700394.0,27.0,2560x1440,75.0,IPS,4.0
phongvu_220700395.0,441015,220700395.0,27.0,2560x1440,75.0,IPS,8.0
phongvu_220700396.0,441016,220700396.0,27.0,1920x1080,60.0,IPS,8.0
phongvu_220700424.0,441053,220700424.0,32.0,2560x1440,175.0,IPS,1.0
phongvu_220700425.0,441054,220700425.0,27.0,2560x1440,165.0,IPS,1.0
phongvu_220700536.0,441239,220700536.0,24.0,1920x1080,75.0,VA,4.0
phongvu_220706572.0,442458,220706572.0,27.0,,60.0,IPS,5.0
phongvu_220706581.0,442466,220706581.0,29.0,,75.0,IPS,4.0
phongvu_220706668.0,442596,220706668.0,23.8,1920x1080,75.0,IPS,5.0
phongvu_220800093.0,443171,220800093.0,23.6,1920x1080,75.0,IPS,3.0
phongvu_220802043.0,644050,220802043.0,21.5,1920x1080,75.0,IPS,5.0
phongvu_220802044.0,445794,220802044.0,23.8,1920x1080,75.0,IPS,5.0
phongvu_220802197.0,445987,220802197.0,23.8,1920x1080,2422.0,IPS,4.0
phongvu_220802200.0,445990,220802200.0,30.0,,60.0,IPS,5.0
phongvu_220805992.0,447780,220805992.0,32.0,,60.0,VA,4.0
phongvu_220908261.0,458576,220908261.0,27.0,1920x1080,60.0,IPS,8.0
phongvu_220920751.0,464182,220920751.0,27.0,1920x1080,75.0,IPS,4.0
phongvu_221002845.0,597141,221002845.0,21.45,1920x1080,60.0,VA,5.0
phongvu_221003426.0,466928,221003426.0,,,,,
phongvu_221100446.0,467958,221100446.0,55.0,,165.0,VA,1.0
phongvu_221101488.0,644116,221101488.0,25.0,1920x1080,240.0,IPS,1.0
phongvu_221101489.0,644117,221101489.0,27.0,1920x1080,240.0,IPS,1.0
phongvu_221101490.0,468857,221101490.0,32.0,,60.0,IPS,5.0
phongvu_221201148.0,470392,221201148.0,27.0,1920x1080,75.0,IPS,5.0
phongvu_221201945.0,471206,221201945.0,27.0,1920x1080,170.0,VA,1.0
phongvu_221202061.0,471321,221202061.0,27.0,2560x1440,75.0,IPS,1.0
phongvu_230104455.0,495101,230104455.0,32.0,2560x1440,75.0,IPS,4.0
phongvu_230201390.0,500297,230201390.0,34.0,,175.0,OLED,0.1
phongvu_230201392.0,644107,230201392.0,23.8,1920x1080,170.0,IPS,1.0
phongvu_230201967.0,500829,230201967.0,23.8,1920x1080,60.0,IPS,5.0
phongvu_230300162.0,643915,230300162.0,21.5,1920x1080,75.0,IPS,5.0
phongvu_230300169.0,504833,230300169.0,15.6,1920x1080,60.0,IPS,5.0
phongvu_230300170.0,504834,230300170.0,15.6,1920x1080,60.0,IPS,6.5
phongvu_230300172.0,644113,230300172.0,22.0,1920x1080,75.0,IPS,5.0
phongvu_230302873.0,507331,230302873.0,34.0,,100.0,VA,1.0
phongvu_230302878.0,507336,230302878.0,27.9,1920x1080,60.0,IPS,4.0
phongvu_230304172.0,508191,230304172.0,23.8,1920x1080,75.0,IPS,5.0
phongvu_230400174.0,508998,230400174.0,27.0,,60.0,IPS,5.0
phongvu_230400176.0,509000,230400176.0,23.8,1920x1080,60.0,IPS,5.0
phongvu_230400177.0,509001,230400177.0,27.0,1920x1080,60.0,IPS,5.0
phongvu_230400871.0,509691,230400871.0,27.0,1920x1080,165.0,VA,1.0
phongvu_230400874.0,644100,230400874.0,23.8,1920x1080,75.0,VA,4.0
phongvu_230400875.0,644105,230400875.0,27.0,1920x1080,75.0,VA,4.0
phongvu_230400878.0,644119,230400878.0,23.8,1920x1080,75.0,IPS,4.0
phongvu_230400879.0,597143,230400879.0,23.8,1920x1080,60.0,VA,5.0
phongvu_230401797.0,510887,230401797.0,55.0,,144.0,IPS,9.0
phongvu_230401897.0,510984,230401897.0,23.8,1920x1080,75.0,IPS,4.0
phongvu_230402298.0,511671,230402298.0,27.0,1920x1080,75.0,IPS,5.0
phongvu_230402444.0,512611,230402444.0,34.0,,144.0,IPS,1.0
phongvu_230402696.0,512856,230402696.0,27.0,2560x1440,75.0,IPS,5.0
phongvu_230500316.0,513484,230500316.0,27.0,,144.0,IPS,1.0
phongvu_230500359.0,513527,230500359.0,27.0,1920x1080,165.0,IPS,1.0
phongvu_230500363.0,513531,230500363.0,27.0,2560x1440,60.0,IPS,5.0
phongvu_230502050.0,514750,230502050.0,27.0,1920x1080,180.0,VA,1.0
phongvu_230502051.0,514751,230502051.0,31.5,1920x1080,240.0,VA,1.0
phongvu_230502054.0,514754,230502054.0,23.8,1920x1080,75.0,IPS,5.0
phongvu_230502471.0,515105,230502471.0,32.0,,60.0,VA,4.0
phongvu_230600778.0,515913,230600778.0,23.8,1920x1080,165.0,IPS,1.0
phongvu_230600779.0,515914,230600779.0,27.0,2560x1440,170.0,IPS,1.0
phongvu_230602349.0,516309,230602349.0,27.0,2560x1440,165.0,VA,1.0
phongvu_230604092.0,517895,230604092.0,21.45,1920x1080,75.0,VA,4.0
phongvu_230701231.0,519626,230701231.0,32.0,1920x1080,240.0,VA,1.0
phongvu_230703324.0,521849,230703324.0,55.0,,,VA,8.0
phongvu_230800427.0,523426,230800427.0,23.8,1920x1080,180.0,IPS,1.0
phongvu_230800430.0,523429,230800430.0,21.45,1920x1080,75.0,VA,5.0
phongvu_230803165.0,525681,230803165.0,23.8,1920x1080,270.0,IPS,1.0
phongvu_230803481.0,525861,230803481.0,27.0,1920x1080,100.0,IPS,1.0
phongvu_230901010.0,527505,230901010.0,23.8,,,,
phongvu_230903174.0,528504,230903174.0,24.5,1920x1080,380.0,IPS,1.0
phongvu_230903274.0,528601,230903274.0,27.0,1920x1080,100.0,IPS,1.0
phongvu_230904148.0,529324,230904148.0,18.5,,60.0,TN,5.0
phongvu_231002099.0,531056,231002099.0,21.5,1920x1080,100.0,IPS,1.0
phongvu_231002101.0,531058,231002101.0,27.0,1920x1080,180.0,IPS,1.0
phongvu_231002117.0,531074,231002117.0,27.0,,60.0,IPS,5.0
phongvu_231004174.0,532945,231004174.0,24.5,1920x1080,100.0,IPS,1.0
phongvu_231004175.0,532946,231004175.0,24.5,1920x1080,280.0,IPS,1.0
phongvu_231004176.0,532947,231004176.0,24.5,1920x1080,240.0,IPS,1.0
phongvu_231004177.0,532948,231004177.0,28.0,,144.0,IPS,1.0
phongvu_231004178.0,532949,231004178.0,31.5,2560x1440,170.0,VA,1.0
phongvu_231004180.0,532951,231004180.0,49.0,,144.0,VA,4.0
phongvu_231100708.0,644072,231100708.0,24.0,1920x1080,100.0,IPS,4.0
phongvu_231102959.0,535426,231102959.0,23.8,1920x1080,100.0,IPS,1.0
phongvu_231200931.0,537380,231200931.0,23.8,1920x1080,100.0,IPS,1.0
phongvu_231202224.0,538414,231202224.0,23.8,1920x1080,75.0,IPS,5.0
phongvu_231203207.0,539248,231203207.0,23.8,1920x1080,100.0,IPS,1.0
phongvu_231203208.0,539249,231203208.0,27.0,1920x1080,100.0,IPS,1.0
phongvu_231204286.0,539819,231204286.0,32.0,,144.0,IPS,1.0
phongvu_240100228.0,541490,240100228.0,24.5,1920x1080,180.0,IPS,1.0
phongvu_240100230.0,541492,240100230.0,27.0,2560x1440,180.0,IPS,1.0
phongvu_240100231.0,541493,240100231.0,23.8,1920x1080,75.0,VA,4.0
phongvu_240101307.0,542336,240101307.0,24.0,1920x1080,75.0,VA,4.0
phongvu_240103018.0,543512,240103018.0,24.1,1920x1080,540.0,TN,0.2
phongvu_240103543.0,543642,240103543.0,23.8,1920x1080,120.0,IPS,5.0
phongvu_240201117.0,544867,240201117.0,26.5,2560x1440,240.0,OLED,0.03
phongvu_240300020.0,545358,240300020.0,27.0,2560x1440,120.0,IPS,5.0
phongvu_240300398.0,545633,240300398.0,27.0,1920x1080,100.0,IPS,6.0
phongvu_240300400.0,545635,240300400.0,27.0,1920x1080,100.0,IPS,1.0
phongvu_240300981.0,546114,240300981.0,24.0,1920x1080,75.0,IPS,5.0
phongvu_240302587.0,547971,240302587.0,23.8,1920x1080,120.0,IPS,5.0
phongvu_240302588.0,547972,240302588.0,21.5,1920x1080,100.0,IPS,1.0
phongvu_240400757.0,549010,240400757.0,23.8,1920x1080,100.0,IPS,1.0
phongvu_240400758.0,549011,240400758.0,27.0,1920x1080,100.0,IPS,1.0
phongvu_240403812.0,551974,240403812.0,27.0,2560x1440,180.0,IPS,1.0
phongvu_240403813.0,551975,240403813.0,23.8,1920x1080,100.0,IPS,1.0
phongvu_240502387.0,554186,240502387.0,27.0,1920x1080,100.0,IPS,4.0
phongvu_240502389.0,554188,240502389.0,27.0,2560x1440,180.0,IPS,0.5
phongvu_240502390.0,554189,240502390.0,27.0,2560x1440,180.0,IPS,0.5
phongvu_240502391.0,554190,240502391.0,24.5,1920x1080,390.0,IPS,0.5
phongvu_240502393.0,554192,240502393.0,27.0,,60.0,IPS,5.0
phongvu_240502395.0,554194,240502395.0,34.0,,100.0,VA,5.0
phongvu_240502396.0,554195,240502396.0,27.0,2560x1440,165.0,VA,1.0
phongvu_240502398.0,554197,240502398.0,49.0,2560x1440,240.0,OLED,0.03
phongvu_240502399.0,554198,240502399.0,57.0,UHD,240.0,VA,1.0
phongvu_240504657.0,556702,240504657.0,34.0,,180.0,VA,1.0
phongvu_240504988.0,557172,240504988.0,27.0,2560x1440,100.0,IPS,1.0
phongvu_240504989.0,557173,240504989.0,24.0,1920x1080,100.0,IPS,1.0
phongvu_240602155.0,560801,240602155.0,23.8,1920x1080,100.0,IPS,5.0
phongvu_240602418.0,561060,240602418.0,27.0,2560x1440,75.0,IPS,4.0
phongvu_240602460.0,561105,240602460.0,27.0,,60.0,IPS,4.0
phongvu_240602461.0,561106,240602461.0,27.0,2560x1440,100.0,IPS,1.0
phongvu_240603305.0,561859,240603305.0,27.0,,60.0,IPS,4.0
phongvu_240700514.0,562750,240700514.0,27.0,,160.0,IPS,1.0
phongvu_240702971.0,565119,240702971.0,38.0,2560x1440,144.0,Nano IPS,1.0
phongvu_240706620.0,568721,240706620.0,27.0,1920x1080,100.0,IPS,1.0
phongvu_240800749.0,569241,240800749.0,24.0,1920x1080,180.0,VA,5.0
phongvu_240800750.0,569239,240800750.0,23.8,1920x1080,100.0,IPS,1.0
phongvu_240800751.0,569240,240800751.0,23.8,1920x1080,100.0,IPS,5.0
phongvu_240800752.0,569245,240800752.0,26.0,1920x1080,75.0,IPS,5.0
phongvu_240800755.0,569243,240800755.0,34.0,,100.0,VA,5.0
phongvu_240800758.0,569248,240800758.0,27.0,1920x1080,100.0,IPS,5.0
phongvu_240800759.0,569250,240800759.0,25.0,1920x1080,60.0,IPS,5.0
phongvu_240800923.0,569446,240800923.0,27.0,2560x1440,100.0,IPS,1.0
phongvu_240802260.0,569816,240802260.0,27.0,2560x1440,240.0,IPS,1.0
phongvu_240802757.0,570274,240802757.0,25.0,1920x1080,120.0,IPS,1.0
phongvu_240803396.0,570815,240803396.0,49.0,2560x1440,144.0,OLED,0.03
phongvu_240900419.0,573867,240900419.0,27.0,1920x1080,165.0,IPS,1.0
phongvu_240901541.0,574936,240901541.0,23.8,1920x1080,75.0,IPS,5.0
phongvu_240901664.0,575058,240901664.0,27.0,2560x1440,144.0,IPS,5.0
phongvu_240902432.0,575592,240902432.0,27.0,1920x1080,100.0,IPS,1.0
phongvu_240903516.0,576713,240903516.0,27.0,1920x1080,180.0,IPS,1.0
phongvu_240903518.0,576715,240903518.0,24.0,1920x1080,180.0,IPS,1.0
phongvu_240903519.0,576716,240903519.0,27.0,2560x1440,240.0,IPS,1.0
phongvu_240903729.0,576926,240903729.0,24.5,1920x1080,180.0,IPS,0.5
phongvu_240903730.0,576927,240903730.0,24.5,1920x1080,180.0,IPS,0.5
phongvu_240904490.0,577645,240904490.0,,,,,
phongvu_240904521.0,577676,240904521.0,,1920x1080,75.0,VA,8.0
phongvu_240908497.0,581656,240908497.0,86.0,,60.0,IPS,8.0
phongvu_241000213.0,582685,241000213.0,15.6,1920x1080,60.0,IPS,7.0
phongvu_241001895.0,584466,241001895.0,27.0,1920x1080,280.0,VA,0.5
phongvu_241002919.0,585680,241002919.0,27.0,1920x1080,180.0,VA,1.0
phongvu_241003579.0,586242,241003579.0,27.0,1920x1080,120.0,IPS,1.0
phongvu_241003817.0,586551,241003817.0,32.0,2560x1440,180.0,IPS,1.0
phongvu_241003818.0,586550,241003818.0,27.0,,60.0,IPS,5.0
phongvu_241003819.0,586553,241003819.0,27.0,2560x1440,360.0,OLED,0.03
phongvu_241003820.0,586554,241003820.0,27.0,2560x1440,180.0,IPS,1.0
phongvu_241004520.0,587306,241004520.0,27.0,,160.0,IPS,1.0
phongvu_241004685.0,587470,241004685.0,24.5,1920x1080,100.0,IPS,1.0
phongvu_241101874.0,589981,241101874.0,21.4,1920x1080,75.0,VA,8.0
phongvu_241103022.0,590505,241103022.0,27.0,,60.0,IPS,5.0
phongvu_241103252.0,590574,241103252.0,43.0,,60.0,VA,4.0
phongvu_241103253.0,590575,241103253.0,32.0,,240.0,OLED,0.03
phongvu_241103254.0,590576,241103254.0,27.0,,60.0,IPS,5.0
phongvu_241104670.0,591665,241104670.0,23.8,1920x1080,100.0,IPS,5.0
phongvu_241104790.0,591784,241104790.0,27.0,2560x1440,180.0,IPS,1.0
phongvu_241104881.0,591883,241104881.0,23.8,1920x1080,100.0,IPS,1.0
phongvu_241104888.0,591890,241104888.0,23.8,1920x1080,75.0,,
phongvu_241104891.0,591893,241104891.0,24.0,1920x1080,75.0,IPS,5.0
phongvu_241104893.0,591895,241104893.0,23.8,1920x1080,75.0,,
phongvu_241104900.0,591902,241104900.0,23.8,1920x1080,75.0,,
phongvu_241105092.0,592072,241105092.0,31.5,1920x1080,250.0,VA,1.0
phongvu_241105100.0,592082,241105100.0,21.5,1920x1080,100.0,IPS,8.0
phongvu_241105107.0,592091,241105107.0,27.0,1920x1080,100.0,IPS,8.0
phongvu_241105114.0,592098,241105114.0,27.0,2560x1440,240.0,IPS,5.0
phongvu_241105140.0,592124,241105140.0,23.8,1920x1080,120.0,IPS,1.0
phongvu_241105147.0,592131,241105147.0,27.0,1920x1080,120.0,IPS,1.0
phongvu_241105148.0,592132,241105148.0,23.8,1920x1080,100.0,IPS,1.0
phongvu_241105152.0,592136,241105152.0,27.0,2560x1440,75.0,IPS,5.0
phongvu_241201663.0,594608,241201663.0,27.0,1920x1080,180.0,VA,1.0
phongvu_241201696.0,594643,241201696.0,27.0,1920x1080,120.0,IPS,1.0
phongvu_241201700.0,594649,241201700.0,27.0,2560x1440,100.0,IPS,1.0
phongvu_241201702.0,594651,241201702.0,24.5,1920x1080,120.0,IPS,1.0
phongvu_241201706.0,594654,241201706.0,27.0,2560x1440,100.0,IPS,1.0
phongvu_241201711.0,594659,241201711.0,23.8,1920x1080,120.0,IPS,1.0
phongvu_241206528.0,598625,241206528.0,27.0,1920x1080,180.0,VA,5.0
phongvu_250111505.0,610961,250111505.0,23.8,1920x1080,100.0,IPS,1.0
phongvu_250115556.0,615012,250115556.0,34.0,,120.0,VA,1.0
phongvu_250115754.0,615126,250115754.0,27.0,1920x1080,120.0,IPS,1.0
phongvu_250116333.0,615666,250116333.0,23.8,1920x1080,200.0,IPS,1.0
phongvu_250116334.0,615667,250116334.0,27.0,1920x1080,200.0,IPS,1.0
phongvu_250116585.0,615916,250116585.0,27.0,2560x1440,180.0,VA,1.0
phongvu_250116713.0,616045,250116713.0,21.5,1920x1080,100.0,VA,1.0
phongvu_250203232.0,617851,250203232.0,23.8,1920x1080,100.0,IPS,8.0
phongvu_250204610.0,618867,250204610.0,,,,,
phongvu_250204731.0,618980,250204731.0,24.0,1920x1080,100.0,IPS,5.0
phongvu_250204733.0,618983,250204733.0,27.0,,60.0,IPS,5.0
phongvu_250204734.0,618984,250204734.0,24.0,1920x1080,120.0,IPS,5.0
phongvu_250204737.0,643831,250204737.0,27.0,1920x1080,100.0,IPS,5.0
phongvu_250204741.0,618991,250204741.0,23.8,1920x1080,170.0,IPS,1.0
phongvu_250204747.0,618997,250204747.0,27.0,,60.0,IPS,5.0
phongvu_250206344.0,619942,250206344.0,27.0,1920x1080,180.0,IPS,0.5
phongvu_250301446.0,621559,250301446.0,27.0,1920x1080,180.0,IPS,1.0
phongvu_250301447.0,621562,250301447.0,27.0,1920x1080,100.0,IPS,5.0
phongvu_250301448.0,621560,250301448.0,24.0,1920x1080,180.0,IPS,1.0
phongvu_250301621.0,621733,250301621.0,27.0,2560x1440,100.0,IPS,4.0
phongvu_250302098.0,622186,250302098.0,27.0,2560x1440,120.0,IPS,8.0
phongvu_250302216.0,622298,250302216.0,27.0,2560x1440,100.0,IPS,6.0
phongvu_250302275.0,622355,250302275.0,34.0,,180.0,VA,1.0
phongvu_250302281.0,622364,250302281.0,24.5,1920x1080,200.0,IPS,1.0
phongvu_250302288.0,622370,250302288.0,27.0,1920x1080,180.0,IPS,1.0
phongvu_250302295.0,622377,250302295.0,27.0,2560x1440,180.0,IPS,1.0
phongvu_250302301.0,622384,250302301.0,27.0,2560x1440,180.0,IPS,1.0
phongvu_250302317.0,622398,250302317.0,32.0,2560x1440,170.0,VA,1.0
phongvu_250305244.0,625344,250305244.0,23.8,1920x1080,120.0,IPS,4.0
phongvu_250307087.0,627209,250307087.0,21.45,1920x1080,100.0,VA,5.0
phongvu_250307088.0,627210,250307088.0,21.45,1920x1080,100.0,VA,7.0
phongvu_250307384.0,627502,250307384.0,27.0,1920x1080,120.0,IPS,5.0
phongvu_250308217.0,628343,250308217.0,22.0,1920x1080,75.0,IPS,
phongvu_250308226.0,628352,250308226.0,24.0,1920x1080,75.0,IPS,
phongvu_250309233.0,629370,250309233.0,23.8,1920x1080,100.0,IPS,5.0
phongvu_250309235.0,629366,250309235.0,27.0,1920x1080,180.0,IPS,1.0
phongvu_250309236.0,629367,250309236.0,44.5,,240.0,OLED,0.03
phongvu_250400434.0,632381,250400434.0,21.5,1920x1080,75.0,TN,1.0
phongvu_250401987.0,633945,250401987.0,23.8,1920x1080,146.0,IPS,1.0
phongvu_250401988.0,633946,250401988.0,27.0,1920x1080,146.0,IPS,1.0
phongvu_250402077.0,634035,250402077.0,23.8,1920x1080,100.0,IPS,1.0
phongvu_250402764.0,634723,250402764.0,23.8,1920x1080,100.0,IPS,4.0
phongvu_250406416.0,638405,250406416.0,24.5,1920x1080,300.0,IPS,0.5
phongvu_250412660.0,644749,250412660.0,27.0,,240.0,OLED,0.03
phongvu_250413909.0,646035,250413909.0,27.0,2560x1440,480.0,OLED,0.03
phongvu_250415799.0,647939,250415799.0,,1920x1080,144.0,IPS,1.0
phongvu_250504133.0,655948,250504133.0,27.0,2560x1440,100.0,IPS,5.0
phongvu_250506441.0,658263,250506441.0,26.5,2560x1440,240.0,OLED,0.03
phongvu_250510206.0,662122,250510206.0,27.0,2560x1440,180.0,IPS,1.0
phongvu_250512188.0,666209,250512188.0,24.0,1920x1080,75.0,VA,5.0
phongvu_250520204.0,676231,250520204.0,,3840 x 2160,60.0,VA,4.0
phongvu_250520214.0,676241,250520214.0,32.0,3840 x 2160,144.0,IPS,1.0
phongvu_250520227.0,676254,250520227.0,23.8,1920x1080,180.0,IPS,1.0
phongvu_250520228.0,676255,250520228.0,23.8,1920x1080,180.0,IPS,1.0
phongvu_250520232.0,676259,250520232.0,23.8,1920x1080,180.0,IPS,1.0
phongvu_250520233.0,676260,250520233.0,23.8,1920x1080,180.0,IPS,1.0
phongvu_250520234.0,676261,250520234.0,23.8,1920x1080,180.0,IPS,1.0
phongvu_250520238.0,676265,250520238.0,23.8,1920x1080,100.0,IPS,1.0
phongvu_250520582.0,676614,250520582.0,21.45,1920x1080,100.0,VA,4.0
phongvu_250520590.0,676617,250520590.0,27.0,,60.0,IPS,6.0
phongvu_250520596.0,676624,250520596.0,27.0,1920x1080,200.0,IPS,0.5
phongvu_250520870.0,676902,250520870.0,27.0,1920x1080,100.0,IPS,5.0
phongvu_250601146.0,678932,250601146.0,27.0,1920x1080,75.0,VA,8.0
phongvu_250602706.0,680497,250602706.0,21.5,1920x1080,100.0,IPS,1.0
phongvu_250633615.0,711426,250633615.0,27.0,1920x1080,144.0,IPS,0.5
phongvu_250633616.0,711427,250633616.0,24.5,1920x1080,120.0,IPS,1.0
phongvu_250633617.0,711430,250633617.0,27.0,1920x1080,100.0,IPS,1.0
phongvu_250633618.0,711429,250633618.0,27.0,1920x1080,280.0,VA,0.5
phongvu_250633619.0,711425,250633619.0,23.8,1920x1080,120.0,IPS,1.0
phongvu_250633620.0,711431,250633620.0,23.8,1920x1080,100.0,IPS,5.0
phongvu_250633623.0,711433,250633623.0,27.0,2560x1440,120.0,IPS,1.0
phongvu_250633625.0,711437,250633625.0,27.0,1920x1080,180.0,IPS,1.0
phongvu_250633626.0,711435,250633626.0,24.5,1920x1080,300.0,IPS,0.5
phongvu_250633627.0,711436,250633627.0,27.0,2560x1440,180.0,IPS,0.5
phongvu_250633629.0,711439,250633629.0,24.5,1920x1080,120.0,IPS,1.0
phongvu_250633631.0,711445,250633631.0,23.8,1920x1080,240.0,IPS,1.0
phongvu_250633632.0,711443,250633632.0,27.0,1920x1080,200.0,VA,0.5
phongvu_250633633.0,711444,250633633.0,27.0,1920x1080,100.0,IPS,1.0
phongvu_250633634.0,711442,250633634.0,31.5,2560x1440,180.0,VA,0.5
phongvu_250633636.0,711447,250633636.0,27.0,1920x1080,240.0,IPS,1.0
phongvu_250635297.0,713345,250635297.0,34.0,2560x1440,180.0,VA,1.0
phongvu_250636706.0,714762,250636706.0,31.5,,60.0,IPS,5.0
phongvu_250637363.0,715421,250637363.0,27.0,2560x1440,180.0,IPS,1.0
phongvu_250637370.0,715427,250637370.0,27.0,2560x1440,180.0,IPS,1.0
phongvu_250637375.0,715434,250637375.0,34.0,2560x1440,240.0,OLED,0.03
phongvu_250638612.0,716699,250638612.0,27.0,1920x1080,240.0,IPS,1.0
phongvu_250638723.0,716810,250638723.0,26.5,2560x1440,240.0,OLED,0.03
phongvu_250638724.0,716812,250638724.0,27.0,2560x1440,210.0,IPS,1.0
phongvu_250638725.0,716811,250638725.0,24.5,1920x1080,200.0,IPS,1.0
phongvu_250640758.0,719854,250640758.0,27.0,,144.0,IPS,1.0
phongvu_250640764.0,719860,250640764.0,27.0,2560x1440,300.0,VA,0.5
phongvu_250645504.0,724692,250645504.0,27.0,1920x1080,75.0,IPS,5.0
phongvu_250645569.0,724757,250645569.0,,1920x1080,75.0,VA,1.0
phongvu_250645584.0,724772,250645584.0,,1920x1080,75.0,IPS,5.0
phongvu_250645587.0,724775,250645587.0,,1920x1080,75.0,IPS,5.0
phongvu_250645606.0,724794,250645606.0,,1920x1080,75.0,VA,1.0
phongvu_250645612.0,724800,250645612.0,23.8,1920x1080,75.0,,
phongvu_250645993.0,725160,250645993.0,27.0,2560x1440,100.0,IPS,6.0
phongvu_250645994.0,725161,250645994.0,21.5,1920x1080,100.0,VA,5.0
phongvu_250645995.0,725162,250645995.0,31.5,,100.0,IPS,5.0
phongvu_250645996.0,725163,250645996.0,34.0,2560x1440,100.0,IPS,5.0
phongvu_250646022.0,725189,250646022.0,27.0,,120.0,IPS,5.0
phongvu_250646063.0,725230,250646063.0,23.8,1920x1080,100.0,IPS,1.0
phongvu_250711057.0,750260,250711057.0,24.0,1920x1080,60.0,IPS,5.0
phongvu_250713730.0,752852,250713730.0,23.8,2560x1440,100.0,IPS,5.0
phongvu_250715719.0,754924,250715719.0,27.0,1920x1080,120.0,IPS,4.0
phongvu_250717334.0,756627,250717334.0,23.8,1920x1080,120.0,IPS,1.0
phongvu_250717335.0,756629,250717335.0,27.0,,240.0,IPS,1.0
phongvu_250719843.0,759322,250719843.0,27.0,1920x1080,240.0,IPS,1.0
phongvu_250800176.0,762647,250800176.0,27.0,2560x1440,240.0,IPS,0.5
phongvu_250800183.0,762654,250800183.0,27.0,1920x1080,240.0,IPS,0.3
phongvu_250801760.0,764255,250801760.0,27.0,2560x1440,180.0,IPS,1.0
phongvu_250803174.0,765777,250803174.0,27.0,1920x1080,100.0,IPS,4.0
phongvu_250803181.0,765787,250803181.0,27.0,1920x1080,240.0,IPS,0.5
phongvu_250803188.0,765793,250803188.0,27.0,2560x1440,240.0,IPS,0.5
phongvu_250803202.0,765808,250803202.0,27.0,,165.0,IPS,1.0
phongvu_250804567.0,767180,250804567.0,27.0,2560x1440,240.0,OLED,0.03
phongvu_250804583.0,767196,250804583.0,23.8,1920x1080,100.0,IPS,1.0
phongvu_250804593.0,767206,250804593.0,27.0,1920x1080,100.0,IPS,1.0
phongvu_250804646.0,767259,250804646.0,,1920x1080,75.0,VA,4.0
phongvu_250806027.0,768850,250806027.0,27.0,2560x1440,75.0,IPS,1.0
phongvu_250806028.0,768849,250806028.0,23.8,1920x1080,200.0,IPS,0.3
phongvu_250807884.0,770794,250807884.0,27.0,1920x1080,120.0,IPS,1.0
phongvu_250808264.0,771445,250808264.0,27.0,2560x1440,180.0,IPS,0.5
phongvu_250808265.0,771447,250808265.0,21.5,1920x1080,100.0,IPS,4.0
phongvu_250808266.0,771446,250808266.0,23.8,1920x1080,144.0,IPS,0.5
phongvu_250808267.0,771448,250808267.0,23.8,1920x1080,240.0,IPS,0.3
phongvu_250808749.0,771956,250808749.0,32.0,1920x1080,60.0,VA,4.0
phongvu_250808750.0,771962,250808750.0,21.5,1920x1080,100.0,VA,5.0
phongvu_250808756.0,771964,250808756.0,23.8,1920x1080,144.0,IPS,1.0
phongvu_250808757.0,771968,250808757.0,23.8,1920x1080,120.0,IPS,5.0
phongvu_250808763.0,771974,250808763.0,23.8,1920x1080,240.0,IPS,0.5
phongvu_250808764.0,771975,250808764.0,27.0,1920x1080,120.0,IPS,5.0
phongvu_250808771.0,771981,250808771.0,23.8,1920x1080,240.0,IPS,0.5
phongvu_250808777.0,771988,250808777.0,25.0,1920x1080,100.0,IPS,1.0
phongvu_250808782.0,771994,250808782.0,27.0,1920x1080,146.0,IPS,1.0
phongvu_250808785.0,771996,250808785.0,21.5,1920x1080,100.0,IPS,4.0
phongvu_250808867.0,772076,250808867.0,23.8,1920x1080,120.0,IPS,4.0
phongvu_250809111.0,772375,250809111.0,26.5,,240.0,OLED,0.03
phongvu_250809162.0,772426,250809162.0,34.0,2560x1440,240.0,OLED,0.03
phongvu_250809169.0,772434,250809169.0,27.0,,120.0,IPS,4.0
phongvu_250809183.0,772448,250809183.0,27.0,2560x1440,240.0,OLED,0.03
phongvu_250809190.0,772455,250809190.0,27.0,2560x1440,360.0,OLED,0.03
phongvu_250809197.0,772462,250809197.0,27.0,2560x1440,500.0,OLED,0.03
phongvu_250900400.0,772971,250900400.0,24.5,1920x1080,200.0,IPS,1.0
phongvu_250900401.0,772969,250900401.0,27.0,1920x1080,200.0,IPS,1.0
phongvu_250900402.0,772970,250900402.0,24.5,1920x1080,320.0,IPS,1.0
phongvu_250903966.0,776661,250903966.0,,1920x1080,75.0,VA,4.0
phongvu_250904205.0,776900,250904205.0,23.8,1920x1080,100.0,IPS,1.0
phongvu_250906238.0,778950,250906238.0,49.0,2560x1440,240.0,OLED,0.03
phongvu_250906240.0,778953,250906240.0,32.0,,240.0,OLED,0.03
phongvu_250906258.0,778970,250906258.0,32.0,,240.0,OLED,0.03
phongvu_250906265.0,778978,250906265.0,27.0,,240.0,OLED,0.03
phongvu_250906272.0,778985,250906272.0,27.0,2560x1440,500.0,OLED,0.03
phongvu_250906279.0,778992,250906279.0,24.0,1920x1080,120.0,IPS,1.0
phongvu_250906286.0,778999,250906286.0,27.0,2560x1440,320.0,IPS,1.0
phongvu_250907331.0,780089,250907331.0,23.8,1920x1080,240.0,IPS,0.5
phongvu_250908287.0,781052,250908287.0,24.5,1920x1080,240.0,IPS,0.3
phongvu_250908294.0,781060,250908294.0,32.0,1920x1080,,,8.0
phongvu_250908301.0,781066,250908301.0,23.8,1920x1080,100.0,IPS,5.0
phongvu_250908310.0,781074,250908310.0,27.0,1920x1080,100.0,IPS,5.0
phongvu_250911683.0,784543,250911683.0,24.5,1920x1080,144.0,IPS,1.0
phongvu_250911690.0,784549,250911690.0,27.0,1920x1080,144.0,IPS,1.0
phongvu_250911697.0,784556,250911697.0,27.0,2560x1440,60.0,IPS,1.0
phongvu_250911698.0,784557,250911698.0,15.6,1920x1080,60.0,IPS,4.0
phongvu_251001963.0,788532,251001963.0,23.8,1920x1080,144.0,IPS,1.0
phongvu_251001977.0,788544,251001977.0,27.0,1920x1080,240.0,IPS,0.5
phongvu_251002212.0,788763,251002212.0,27.0,1920x1080,100.0,IPS,5.0
phongvu_251017479.0,807368,251017479.0,15.6,1920x1080,60.0,IPS,5.0
phongvu_251019106.0,809129,251019106.0,27.0,2560x1440,320.0,IPS,0.3
phongvu_251100572.0,811336,251100572.0,23.8,1920x1080,75.0,IPS,5.0
phongvu_251100613.0,811377,251100613.0,27.0,1920x1080,75.0,IPS,5.0
phongvu_251100616.0,811380,251100616.0,27.0,1920x1080,75.0,IPS,5.0
phongvu_251100617.0,811381,251100617.0,,2560x1440,200.0,IPS,1.0
phongvu_251100619.0,811383,251100619.0,24.5,1920x1080,200.0,IPS,0.5
phongvu_251100620.0,811384,251100620.0,,2560x1440,200.0,IPS,1.0
phongvu_251100625.0,811389,251100625.0,21.5,1920x1080,100.0,IPS,1.0
phongvu_251100628.0,811392,251100628.0,,2560x1440,200.0,IPS,1.0
phongvu_251100749.0,811513,251100749.0,24.0,1920x1080,75.0,IPS,8.0
phongvu_251100750.0,811514,251100750.0,24.0,1920x1080,75.0,IPS,8.0
phongvu_251100751.0,811515,251100751.0,24.0,1920x1080,75.0,IPS,8.0
phongvu_251100757.0,811521,251100757.0,27.0,2560x1440,100.0,IPS,
phongvu_251100760.0,811524,251100760.0,27.0,1920x1080,165.0,IPS,1.0
phongvu_251100769.0,811533,251100769.0,23.8,1920x1080,100.0,IPS,1.0
phongvu_251100775.0,811539,251100775.0,23.8,1920x1080,100.0,IPS,1.0
phongvu_251102026.0,812845,251102026.0,27.0,1920x1080,144.0,IPS,1.0
phongvu_251102046.0,812865,251102046.0,23.8,1920x1080,200.0,IPS,5.0
phongvu_251103268.0,813974,251103268.0,26.5,2560x1440,280.0,OLED,0.03
phongvu_251105482.0,816215,251105482.0,23.8,1920x1080,146.0,IPS,1.0
phongvu_251107193.0,818350,251107193.0,23.8,1920x1080,144.0,IPS,1.0
phongvu_251107217.0,818374,251107217.0,27.0,1920x1080,144.0,IPS,1.0
phongvu_251107224.0,818384,251107224.0,27.0,2560x1440,120.0,IPS,5.0
phongvu_251109191.0,820282,251109191.0,27.0,1920x1080,240.0,VA,0.5
phongvu_251111645.0,822739,251111645.0,27.0,2560x1440,255.0,IPS,0.3
phongvu_251111651.0,822746,251111651.0,27.0,2560x1440,180.0,VA,1.0
phongvu_251111657.0,822752,251111657.0,32.0,,240.0,OLED,0.03
phongvu_251111666.0,822758,251111666.0,32.0,,240.0,OLED,0.03
phongvu_251113481.0,824640,251113481.0,27.0,,160.0,IPS,0.5
phongvu_251113488.0,824645,251113488.0,27.0,1920x1080,144.0,IPS,1.0
phongvu_251113495.0,824652,251113495.0,27.0,2560x1440,75.0,IPS,1.0
phongvu_251202908.0,828537,251202908.0,24.5,1920x1080,240.0,IPS,1.0
phongvu_251202909.0,828538,251202909.0,27.0,2560x1440,280.0,OLED,0.03
phongvu_251202917.0,828543,251202917.0,24.5,1920x1080,240.0,IPS,1.0
phongvu_251202924.0,828552,251202924.0,27.0,1920x1080,240.0,VA,1.0
phongvu_251202930.0,828558,251202930.0,34.0,2560x1440,200.0,VA,1.0
phongvu_251202936.0,828564,251202936.0,27.0,,160.0,IPS,1.0
phongvu_251203801.0,829639,251203801.0,27.0,2560x1440,100.0,IPS,
phongvu_251203802.0,829640,251203802.0,27.0,,200.0,IPS,1.0
phongvu_251204018.0,829856,251204018.0,23.8,1920x1080,60.0,VA,5.0
phongvu_251204020.0,829858,251204020.0,21.5,1920x1080,100.0,IPS,1.0
phongvu_251204022.0,829860,251204022.0,23.8,1920x1080,100.0,IPS,4.0
phongvu_251208390.0,834498,251208390.0,27.0,2560x1440,120.0,IPS,6.0
phongvu_251210729.0,836944,251210729.0,24.0,1920x1080,144.0,IPS,5.0
phongvu_251211477.0,837866,251211477.0,29.0,,100.0,IPS,5.0
phongvu_251211484.0,837876,251211484.0,27.0,1920x1080,240.0,IPS,1.0
phongvu_251211492.0,837885,251211492.0,27.0,1920x1080,200.0,IPS,1.0
phongvu_251211499.0,837892,251211499.0,24.0,1920x1080,260.0,IPS,0.3
phongvu_251211506.0,837899,251211506.0,27.0,1920x1080,260.0,IPS,0.3
phongvu_251211507.0,837901,251211507.0,27.0,1920x1080,260.0,VA,0.3
phongvu_251212297.0,838778,251212297.0,23.8,1920x1080,120.0,IPS,1.0
phongvu_251212298.0,838780,251212298.0,27.0,2560x1440,144.0,IPS,0.5
phongvu_251212299.0,838779,251212299.0,32.0,,240.0,OLED,0.03
phongvu_251212300.0,838782,251212300.0,27.0,2560x1440,260.0,IPS,0.3
phongvu_251212301.0,838781,251212301.0,27.0,1920x1080,120.0,IPS,0.5
phongvu_251212302.0,838783,251212302.0,31.5,,240.0,OLED,0.03
phongvu_251212303.0,838784,251212303.0,39.0,2560x1440,240.0,OLED,0.03
phongvu_260102086.0,840926,260102086.0,23.8,1920x1080,260.0,IPS,1.0
phongvu_260102093.0,840932,260102093.0,27.0,2560x1440,180.0,IPS,1.0
phongvu_260102099.0,840937,260102099.0,23.8,1920x1080,144.0,IPS,1.0
phongvu_260104165.0,842943,260104165.0,34.0,2560x1440,180.0,VA,1.0
phongvu_260105193.0,844003,260105193.0,24.0,1920x1080,120.0,IPS,5.0
phongvu_260105207.0,844017,260105207.0,27.0,1920x1080,120.0,IPS,
phongvu_260105257.0,844070,260105257.0,24.0,1920x1080,120.0,IPS,5.0
phongvu_260105262.0,844072,260105262.0,24.0,1920x1080,120.0,IPS,5.0
phongvu_260105273.0,844083,260105273.0,34.0,3440 x 1440,180.0,VA,1.0
phongvu_260105371.0,844181,260105371.0,21.5,1920x1080,75.0,IPS,4.0
phongvu_260105383.0,844193,260105383.0,27.0,2560x1440,100.0,IPS,
phongvu_260105385.0,844195,260105385.0,23.8,1920x1080,100.0,IPS,4.0
phongvu_260105577.0,844387,260105577.0,,3840 x 2160,60.0,IPS,5.0
phongvu_260105578.0,844388,260105578.0,27.0,,200.0,IPS,1.0
phongvu_260105672.0,844481,260105672.0,27.0,2560x1440,200.0,IPS,1.0
phongvu_260105679.0,844489,260105679.0,27.0,2560x1440,180.0,IPS,1.0
phongvu_260105685.0,844496,260105685.0,27.0,2560x1440,240.0,OLED,0.03
phongvu_260105715.0,844527,260105715.0,15.6,1920x1080,60.0,IPS,7.0
phongvu_260105722.0,844532,260105722.0,23.8,1920x1080,144.0,IPS,6.0
phongvu_260106719.0,845545,260106719.0,25.0,1920x1080,144.0,IPS,1.0
phongvu_260106726.0,845551,260106726.0,27.0,,144.0,IPS,5.0
phongvu_260107401.0,846245,260107401.0,23.8,1920x1080,100.0,IPS,4.0
phongvu_260107687.0,846538,260107687.0,24.0,,100.0,IPS,5.0
phongvu_260109028.0,847903,260109028.0,28.0,3840x2160,60.0,IPS,4.0
phongvu_260109032.0,847907,260109032.0,24.0,1920x1200,75.0,IPS,5.0
phongvu_260200462.0,848786,260200462.0,23.8,1920x1080,200.0,VA,1.0
phongvu_260202509.0,850864,260202509.0,27.0,1920x1080,144.0,IPS,1.0
phongvu_260202514.0,850872,260202514.0,27.0,2560x1440,200.0,IPS,0.5
phongvu_260202515.0,850873,260202515.0,27.0,,180.0,IPS,1.0
phongvu_260202518.0,850876,260202518.0,24.5,1920x1080,144.0,IPS,1.0
phongvu_260202519.0,850877,260202519.0,37.0,,60.0,VA,5.0
phongvu_260202522.0,850880,260202522.0,27.0,1920x1080,144.0,IPS,1.0
phongvu_260202523.0,850881,260202523.0,37.0,,60.0,VA,5.0
phongvu_260202526.0,850884,260202526.0,24.5,1920x1080,144.0,IPS,0.5
phongvu_260202527.0,850885,260202527.0,27.0,2560x1440,180.0,OLED,0.03
phongvu_260202530.0,850888,260202530.0,27.0,2560x1440,280.0,OLED,0.03
phongvu_260202531.0,850889,260202531.0,19.5,,100.0,TN,5.0
phongvu_260203283.0,851658,260203283.0,23.8,1920x1080,120.0,IPS,1.0
phongvu_260300969.0,853657,260300969.0,21.5,1920x1080,75.0,IPS,4.0
phongvu_260301012.0,853700,260301012.0,27.0,,200.0,IPS,1.0
phongvu_260301013.0,853701,260301013.0,27.0,3840x2160,60.0,IPS,5.0
phongvu_260301016.0,853704,260301016.0,27.0,3840x2160,60.0,IPS,5.0
phongvu_260301153.0,853839,260301153.0,27.0,2560x1440,200.0,IPS,1.0
phongvu_260301656.0,854347,260301656.0,23.8,1920x1080,144.0,IPS,1.0
phongvu_260301663.0,854354,260301663.0,27.0,2560x1440,144.0,IPS,1.0
phongvu_260302517.0,855388,260302517.0,27.0,,100.0,IPS,5.0
phongvu_260303445.0,856324,260303445.0,27.0,2560x1440,200.0,IPS,0.5
phongvu_260303446.0,856325,260303446.0,23.8,1920x1080,144.0,IPS,1.0
phongvu_260303447.0,856327,260303447.0,24.5,1920x1080,240.0,IPS,0.5
phongvu_260303448.0,856326,260303448.0,21.45,1920x1080,120.0,VA,1.0
phongvu_260304750.0,857763,260304750.0,24.5,1920x1080,400.0,IPS,1.0
phongvu_260304751.0,857764,260304751.0,24.1,1920x1080,750.0,TN,0.8
phongvu_260304752.0,857762,260304752.0,24.5,1920x1080,310.0,IPS,0.3
phongvu_260305074.0,858090,260305074.0,23.8,1920x1080,100.0,IPS,1.0
phongvu_260305075.0,858091,260305075.0,23.8,1920x1080,100.0,IPS,1.0
phongvu_260305077.0,858093,260305077.0,23.8,1920x1080,100.0,IPS,1.0
phongvu_260305081.0,858097,260305081.0,24.0,1920x1200,75.0,IPS,5.0
phongvu_260305082.0,858098,260305082.0,23.8,1920x1080,100.0,IPS,1.0
phongvu_260305084.0,858100,260305084.0,23.8,1920x1080,100.0,IPS,1.0
phongvu_260305087.0,858103,260305087.0,27.0,2560x1440,100.0,IPS,
phongvu_260305109.0,858125,260305109.0,27.0,2560x1440,100.0,IPS,4.0
phongvu_260305130.0,858146,260305130.0,27.0,3840x2160,120.0,IPS,8.0
phongvu_260305377.0,858393,260305377.0,23.8,1920x1080,120.0,IPS,4.0
phongvu_260400572.0,860357,260400572.0,27.0,1920x1080,144.0,IPS,6.0
phongvu_260402706.0,862513,260402706.0,34.0,2560x1440,120.0,VA,1.0
phongvu_260402861.0,862665,260402861.0,26.5,2560x1440,240.0,OLED,0.03
phongvu_260402953.0,862759,260402953.0,26.5,2560x1440,240.0,OLED,0.03
phongvu_260402955.0,862762,260402955.0,27.0,,60.0,IPS,4.0
phongvu_260402956.0,862763,260402956.0,34.0,2560x1440,120.0,VA,1.0
phongvu_260404883.0,864732,260404883.0,21.5,1920x1080,100.0,IPS,4.0
phongvu_260404924.0,864771,260404924.0,27.0,2560x1440,180.0,IPS,0.5
phongvu_260404926.0,864774,260404926.0,27.0,1920x1080,200.0,IPS,0.5
phongvu_260407229.0,867214,260407229.0,23.8,1920x1080,144.0,IPS,5.0
phongvu_260407244.0,867228,260407244.0,23.6,1920x1080,75.0,VA,7.0
phongvu_260501446.0,869606,260501446.0,23.8,1920x1080,144.0,IPS,1.0
phongvu_260501453.0,869613,260501453.0,27.0,1920x1080,144.0,IPS,1.0
phongvu_260501460.0,869620,260501460.0,27.0,2560x1440,120.0,IPS,1.0
phongvu_260501466.0,869626,260501466.0,27.0,2560x1440,120.0,IPS,1.0
phongvu_260501664.0,869824,260501664.0,25.0,1920x1080,60.0,IPS,5.0
phongvu_260501666.0,869826,260501666.0,27.0,2560x1440,100.0,IPS,4.0
phongvu_260501668.0,869828,260501668.0,27.0,,200.0,IPS,1.0
phongvu_260501670.0,869830,260501670.0,,1920x1080,100.0,VA,5.0
phongvu_260501677.0,869837,260501677.0,,1920x1080,100.0,IPS,5.0
phongvu_260501679.0,869839,260501679.0,27.0,2560x1440,100.0,IPS,4.0
phongvu_260501683.0,869843,260501683.0,,1920x1080,100.0,VA,5.0
phongvu_260501684.0,869844,260501684.0,27.0,2560x1440,100.0,IPS,4.0
phongvu_260501778.0,869938,260501778.0,,1920x1080,60.0,IPS,4.0
phongvu_260501780.0,869940,260501780.0,,1920x1080,60.0,IPS,4.0
phongvu_260501799.0,869959,260501799.0,27.0,,60.0,IPS,6.0
phongvu_260501833.0,869993,260501833.0,27.0,1920x1080,100.0,IPS,4.0
phongvu_260501839.0,869999,260501839.0,27.0,2560x1440,180.0,VA,1.0
phongvu_260501846.0,870006,260501846.0,27.0,2560x1440,100.0,IPS,4.0
phongvu_260501847.0,870007,260501847.0,27.0,1920x1080,100.0,IPS,1.0
phongvu_260501859.0,870019,260501859.0,,,,,
phongvu_260501860.0,870020,260501860.0,,2560x1440,200.0,IPS,1.0
phongvu_260501896.0,870056,260501896.0,34.0,3440 x 1440,180.0,VA,1.0
phongvu_260502991.0,871167,260502991.0,27.0,2560x1440,144.0,IPS,1.0
phongvu_260503898.0,872083,260503898.0,27.0,1920x1080,100.0,IPS,1.0
phongvu_260503904.0,872091,260503904.0,23.8,1920x1080,100.0,IPS,1.0
phongvu_260503912.0,872097,260503912.0,21.5,1920x1080,100.0,IPS,4.0
phongvu_260503919.0,872105,260503919.0,23.8,1920x1080,144.0,IPS,1.0
phongvu_260503926.0,872112,260503926.0,23.8,1920x1080,100.0,IPS,5.0
phongvu_260503953.0,872139,260503953.0,26.5,2560x1440,240.0,OLED,0.03
phongvu_260503956.0,872142,260503956.0,27.0,1920x1080,144.0,IPS,0.5
phongvu_260508569.0,876975,260508569.0,21.5,1920x1080,100.0,VA,5.0
phongvu_260508576.0,876982,260508576.0,27.0,2560x1440,100.0,IPS,5.0
phongvu_260508583.0,876989,260508583.0,27.0,1920x1080,120.0,IPS,5.0
phongvu_260508590.0,876996,260508590.0,31.5,,60.0,VA,4.0
phongvu_260508595.0,877001,260508595.0,34.0,2560x1440,180.0,VA,1.0
phongvu_260600933.0,878543,260600933.0,23.8,1920x1080,100.0,IPS,5.0
phongvu_260600937.0,878538,260600937.0,25.0,1920x1080,300.0,IPS,1.0
phongvu_260600942.0,878544,260600942.0,27.0,1920x1080,100.0,IPS,5.0
phongvu_260600945.0,878549,260600945.0,27.0,1920x1080,200.0,IPS,1.0
phongvu_260600951.0,878552,260600951.0,24.0,,100.0,IPS,5.0
phongvu_260600952.0,878556,260600952.0,27.0,1920x1080,300.0,IPS,1.0
phongvu_260600958.0,878562,260600958.0,23.8,1920x1080,120.0,IPS,5.0
phongvu_260600965.0,878569,260600965.0,27.0,1920x1080,120.0,IPS,5.0
phongvu_260600970.0,878574,260600970.0,25.0,1920x1080,200.0,IPS,1.0
phongvu_260600972.0,878576,260600972.0,27.0,2560x1440,210.0,IPS,0.3
phongvu_260601845.0,879473,260601845.0,27.0,,60.0,IPS,6.0
phongvu_260601848.0,879476,260601848.0,27.0,1920x1080,120.0,IPS,
phongvu_260601899.0,879527,260601899.0,27.0,1920x1080,100.0,IPS,6.0
phongvu_260601903.0,879531,260601903.0,27.0,2560x1440,100.0,IPS,6.0
phongvu_260601904.0,879532,260601904.0,23.8,,200.0,IPS,1.0
phongvu_260601905.0,879533,260601905.0,27.0,1920x1080,100.0,IPS,6.0
phongvu_260601908.0,879536,260601908.0,27.0,2560x1440,100.0,IPS,6.0
phongvu_260601909.0,879537,260601909.0,27.0,1920x1080,100.0,IPS,6.0
phongvu_260601910.0,879538,260601910.0,27.0,2560x1440,100.0,IPS,6.0
phongvu_260601916.0,879544,260601916.0,27.0,2560x1440,100.0,IPS,6.0
phongvu_260601927.0,879555,260601927.0,27.0,2560x1440,100.0,IPS,6.0
phongvu_260601928.0,879556,260601928.0,27.0,2560x1440,100.0,IPS,6.0
phongvu_260601929.0,879557,260601929.0,27.0,1920x1080,100.0,IPS,6.0
phongvu_260601936.0,879564,260601936.0,27.0,2560x1440,100.0,IPS,6.0
phongvu_260601940.0,879568,260601940.0,23.8,,200.0,IPS,1.0
phongvu_260601941.0,879569,260601941.0,27.0,2560x1440,100.0,IPS,6.0
phongvu_260602175.0,879802,260602175.0,27.0,,160.0,IPS,0.5
phongvu_260602184.0,879808,260602184.0,27.0,2560x1440,210.0,IPS,0.5
phongvu_260602190.0,879820,260602190.0,27.0,2560x1440,240.0,OLED,0.03
phongvu_260602196.0,879827,260602196.0,32.0,,165.0,IPS,1.0
phongvu_260602321.0,879942,260602321.0,23.8,1920x1080,200.0,IPS,0.5
phongvu_260602428.0,880049,260602428.0,31.5,,60.0,IPS,5.0
phongvu_260603075.0,880703,260603075.0,21.5,1920x1080,120.0,IPS,1.0
phongvu_260603077.0,880704,260603077.0,27.0,2560x1440,144.0,IPS,1.0
phongvu_260603079.0,880706,260603079.0,23.8,1920x1080,200.0,IPS,0.5
phongvu_260603081.0,880708,260603081.0,27.0,1920x1080,200.0,IPS,0.5
phongvu_260603083.0,880710,260603083.0,27.0,,60.0,IPS,5.0
phongvu_260603085.0,880712,260603085.0,27.0,2560x1440,300.0,IPS,1.0
phongvu_260603087.0,880714,260603087.0,40.0,,120.0,IPS,5.0
phongvu_260603089.0,880716,260603089.0,45.0,,240.0,OLED,0.03
phongvu_260603321.0,880973,260603321.0,34.0,2560x1440,120.0,VA,1.0
phongvu_260700554.0,882041,260700554.0,27.0,1920x1080,100.0,IPS,6.0
phongvu_260700555.0,882042,260700555.0,27.0,2560x1440,180.0,IPS,1.0
phongvu_260700557.0,882044,260700557.0,,3840 x 2160,60.0,IPS,5.0
phongvu_260700558.0,882045,260700558.0,27.0,2560x1440,180.0,VA,1.0
phongvu_260700559.0,882046,260700559.0,23.8,,200.0,IPS,1.0
phongvu_260700560.0,882047,260700560.0,27.0,1920x1080,280.0,VA,0.5
phongvu_260700563.0,882050,260700563.0,23.8,1920x1080,100.0,IPS,5.0
phongvu_260700564.0,882051,260700564.0,27.0,,200.0,IPS,1.0
phongvu_260700565.0,882052,260700565.0,27.0,3840x2160,60.0,IPS,5.0
phongvu_260700566.0,882053,260700566.0,21.45,1920x1080,100.0,VA,4.0
phongvu_260700569.0,882056,260700569.0,27.0,1920x1080,280.0,VA,0.5
phongvu_260700570.0,882057,260700570.0,27.0,1920x1080,165.0,IPS,1.0
phongvu_260700583.0,882070,260700583.0,27.0,1920x1080,100.0,IPS,1.0
phongvu_260700611.0,882098,260700611.0,,1920x1080,100.0,IPS,5.0
phongvu_260700612.0,882099,260700612.0,,1920x1080,100.0,IPS,5.0
phongvu_260700613.0,882100,260700613.0,,1920x1080,100.0,IPS,5.0
phongvu_260700614.0,882101,260700614.0,,1920x1080,100.0,IPS,5.0
phongvu_260700615.0,882102,260700615.0,21.5,1920x1080,100.0,IPS,1.0
phongvu_260700616.0,882103,260700616.0,24.5,1920x1080,120.0,IPS,
phongvu_260700617.0,882104,260700617.0,,1920x1080,100.0,IPS,5.0
phongvu_260700620.0,882107,260700620.0,,1920x1080,100.0,IPS,5.0
phongvu_260700625.0,882112,260700625.0,23.8,,200.0,IPS,1.0
phongvu_260700627.0,882114,260700627.0,,1920x1080,100.0,IPS,5.0
phongvu_260700630.0,882117,260700630.0,,1920x1080,100.0,IPS,5.0
phongvu_260700633.0,882120,260700633.0,,1920x1080,100.0,IPS,5.0
phongvu_260700634.0,882121,260700634.0,,1920x1080,100.0,IPS,5.0
phongvu_260700637.0,882124,260700637.0,27.0,3840 x 2160,60.0,IPS,5.0
phongvu_260700638.0,882125,260700638.0,,1920x1080,100.0,IPS,5.0
phongvu_260700639.0,882126,260700639.0,24.5,1920x1080,120.0,IPS,
phongvu_260701386.0,882936,260701386.0,27.0,2560x1440,320.0,IPS,0.5
phongvu_260701720.0,883270,260701720.0,27.0,2560x1440,300.0,IPS,1.0
phongvu_260701721.0,883271,260701721.0,27.0,1920x1080,300.0,IPS,1.0
phongvu_260701727.0,883278,260701727.0,27.0,,60.0,IPS,5.0
phongvu_260701728.0,883279,260701728.0,23.8,1920x1080,120.0,IPS,5.0
phongvu_260701738.0,883294,260701738.0,31.5,2560x1440,100.0,IPS,5.0
phongvu_260701744.0,883301,260701744.0,27.0,2560x1440,275.0,IPS,0.5
phongvu_260701751.0,883307,260701751.0,27.0,1920x1080,260.0,IPS,0.5
phongvu_260701757.0,883313,260701757.0,27.0,2560x1440,360.0,IPS,0.5
phongvu_260701758.0,883314,260701758.0,27.0,1920x1080,260.0,IPS,1.0
phongvu_260701764.0,883320,260701764.0,27.0,2560x1440,144.0,IPS,1.0
phongvu_260701765.0,883321,260701765.0,23.8,1920x1080,144.0,IPS,1.0
phongvu_260701770.0,883326,260701770.0,25.0,1920x1080,300.0,IPS,1.0
phongvu_260701772.0,883327,260701772.0,27.0,,72.0,IPS,4.0
phongvu_260701775.0,883331,260701775.0,49.0,2560x1440,240.0,OLED,0.03
phongvu_260701782.0,883334,260701782.0,34.0,2560x1440,160.0,VA,5.0
phongvu_260701787.0,883343,260701787.0,34.0,,100.0,IPS,5.0
phongvu_260703452.0,885290,260703452.0,27.0,1920x1080,240.0,IPS,1.0
phongvu_260703459.0,885296,260703459.0,27.0,,160.0,IPS,1.0
phongvu_260703466.0,885303,260703466.0,32.0,2560x1440,180.0,IPS,1.0
phongvu_260703554.0,885391,260703554.0,27.0,1920x1080,144.0,IPS,1.0
phongvu_260703560.0,885397,260703560.0,14.0,,60.0,IPS,16.0
phongvu_260704573.0,886585,260704573.0,15.6,1920x1080,60.0,IPS,4.0
phongvu_260705983.0,888166,260705983.0,23.8,1920x1080,144.0,IPS,1.0
phongvu_260705992.0,888174,260705992.0,27.0,1920x1080,144.0,IPS,1.0
phongvu_260705999.0,888182,260705999.0,27.0,2560x1440,220.0,IPS,0.3
phongvu_260706006.0,888189,260706006.0,31.5,,60.0,VA,4.0
phongvu_260706014.0,888196,260706014.0,17.3,2560x1440,60.0,OLED,0.2
phongvu_260706021.0,888204,260706021.0,26.5,2560x1440,540.0,OLED,0.02
phongvu_260706027.0,888210,260706027.0,24.5,1920x1080,240.0,IPS,1.0
phongvu_260801475.0,890606,260801475.0,27.0,1920x1080,144.0,IPS,8.0
phongvu_260801482.0,890617,260801482.0,25.0,1920x1080,320.0,IPS,1.0
phongvu_260801492.0,890628,260801492.0,27.0,1920x1080,100.0,IPS,5.0
phongvu_260801557.0,890704,260801557.0,27.0,2560x1440,210.0,IPS,1.0
phongvu_260801558.0,890703,260801558.0,27.0,2560x1440,200.0,IPS,1.0
phongvu_260802676.0,891872,260802676.0,21.5,1920x1080,100.0,IPS,1.0
phongvu_260802677.0,891873,260802677.0,21.5,1920x1080,100.0,IPS,1.0
phongvu_260802678.0,891874,260802678.0,21.5,1920x1080,100.0,IPS,1.0
phongvu_260802679.0,891875,260802679.0,21.5,1920x1080,100.0,IPS,1.0
phongvu_260802680.0,891876,260802680.0,21.5,1920x1080,100.0,IPS,1.0
phongvu_260802681.0,891877,260802681.0,21.5,1920x1080,100.0,IPS,1.0
phongvu_260802682.0,891878,260802682.0,27.0,2560x1440,180.0,VA,1.0
phongvu_260802683.0,891879,260802683.0,21.5,1920x1080,100.0,IPS,1.0
phongvu_260803035.0,892232,260803035.0,43.0,,60.0,VA,4.0
phongvu_260803536.0,892731,260803536.0,27.0,2560x1440,220.0,IPS,0.3
phongvu_260803543.0,892740,260803543.0,24.1,1920x1080,610.0,TN,0.7
phongvu_260803558.0,892756,260803558.0,16.0,,60.0,OLED,1.0
phongvu_260803565.0,892763,260803565.0,16.0,,60.0,IPS,6.0
phongvu_260803839.0,893037,260803839.0,43.0,,75.0,IPS,8.0
phongvu_260804147.0,893363,260804147.0,24.5,1920x1080,144.0,IPS,0.5
phongvu_260804533.0,893746,260804533.0,16.0,2560x1440,165.0,IPS,3.0
phongvu_260804540.0,893756,260804540.0,27.0,1920x1080,260.0,IPS,0.3
phongvu_260804555.0,893772,260804555.0,27.0,2560x1440,120.0,IPS,5.0
phongvu_260804562.0,893780,260804562.0,27.0,2560x1440,120.0,IPS,5.0
phongvu_260805889.0,895187,260805889.0,23.8,1920x1080,144.0,IPS,0.5
phongvu_260805927.0,895228,260805927.0,23.8,2560x1440,100.0,IPS,5.0
phongvu_260900844.0,896219,260900844.0,27.0,1920x1080,144.0,IPS,0.5
phongvu_260901646.0,897035,260901646.0,27.0,2560x1440,300.0,IPS,0.3
phongvu_260901652.0,897043,260901652.0,24.5,1920x1080,120.0,IPS,1.0
phongvu_260901662.0,897051,260901662.0,27.0,2560x1440,540.0,IPS,0.3
phongvu_260901793.0,897185,260901793.0,31.5,1920x1080,180.0,VA,1.0
